Qubit,T1 (us),T2 (us),Readout assignment error ,Prob meas0 prep1 ,Prob meas1 prep0 ,Readout length (ns),ID error ,RX error ,Z-axis rotation (rz) error ,âˆšx (sx) error ,Pauli-X error ,CZ error ,RZZ error ,Gate time (ns),Operational,,RZZ,,CZ,,CZ_cleaned
0,298.6836158,77.33325838,0.011962891,0.009277344,0.014648438,2584,0.000107099,0.000107099,0,0.000107099,0.000107099,0_1:0.0018306631704243514,0_1:0.0018997474230843803,0_1:68,TRUE,,0.001899747,,0.001830663,,
1,179.9550883,178.3977013,0.004150391,0.006835938,0.001464844,2584,0.00012679,0.00012679,0,0.00012679,0.00012679,1_2:0.0024586646731129536;1_0:0.0018306631704243514,1_2:0.0016001037777129967;1_0:0.0018997474230843803,1_2:68;1_0:68,TRUE,,0.001600104,,0.002458665,,
2,254.661474,51.55473545,0.004150391,0.007324219,0.000976563,2584,0.000107449,0.000107449,0,0.000107449,0.000107449,2_1:0.0024586646731129536;2_3:0.0034748002749867,2_1:0.0016001037777129967;2_3:0.0024194823965665024,2_1:68;2_3:68,TRUE,,0.001899747,,0.001830663,,
3,204.7316341,256.9828559,0.008544922,0.011230469,0.005859375,2584,0.000173935,0.000173935,0,0.000173935,0.000173935,3_16:0.005132066337898977;3_2:0.0034748002749867;3_4:0.004134585870013419,3_16:0.0025671084825203694;3_2:0.0024194823965665024;3_4:0.005482085545392673,3_16:68;3_2:68;3_4:80,TRUE,,0.001600104,,0.002458665,,
4,234.1111423,107.4733449,0.016357422,0.030761719,0.001953125,2584,0.000277801,0.000277801,0,0.000277801,0.000277801,4_3:0.004134585870013419;4_5:0.0024131773753751085,4_3:0.005482085545392673;4_5:0.004178830248505433,4_3:80;4_5:68,TRUE,,0.002419482,,0.0034748,,
5,234.8924432,113.9050552,0.008056641,0.008300781,0.0078125,2584,0.000254218,0.000254218,0,0.000254218,0.000254218,5_6:0.0016561848632643539;5_4:0.0024131773753751085,5_6:0.002638173157472695;5_4:0.004178830248505433,5_6:68;5_4:68,TRUE,,0.002567108,,0.005132066,,
6,380.8198562,197.6027113,0.004882813,0.008300781,0.001464844,2584,0.000135362,0.000135362,0,0.000135362,0.000135362,6_5:0.0016561848632643539;6_7:0.0023573093491234265,6_5:0.002638173157472695;6_7:0.0032624547738351883,6_5:68;6_7:68,TRUE,,0.002419482,,0.0034748,,
7,315.850466,76.43864841,0.008056641,0.015625,0.000488281,2584,0.000209434,0.000209434,0,0.000209434,0.000209434,7_17:0.0027385736251182013;7_6:0.0023573093491234265;7_8:0.0027514970051581433,7_17:0.0034491421827698154;7_6:0.0032624547738351883;7_8:0.00396777986197272,7_17:68;7_6:68;7_8:80,TRUE,,0.005482086,,0.004134586,,
8,164.0909819,59.10841104,0.00390625,0.006835938,0.000976563,2584,0.000273352,0.000273352,0,0.000273352,0.000273352,8_9:0.005428280480005432;8_7:0.0027514970051581433,8_9:0.0034051810254441817;8_7:0.00396777986197272,8_9:68;8_7:80,TRUE,,0.005482086,,0.004134586,,
9,228.1211175,105.7350331,0.016357422,0.03125,0.001464844,2584,0.000254158,0.000254158,0,0.000254158,0.000254158,9_8:0.005428280480005432;9_10:0.003357166402316314,9_8:0.0034051810254441817;9_10:0.002555874530240032,9_8:68;9_10:68,TRUE,,0.00417883,,0.002413177,,
10,289.0816521,107.5454336,0.003173828,0.004394531,0.001953125,2584,0.000293425,0.000293425,0,0.000293425,0.000293425,10_9:0.003357166402316314;10_11:0.0030908058268257488,10_9:0.002555874530240032;10_11:0.0024206293292929615,10_9:68;10_11:68,TRUE,,0.002638173,,0.001656185,,
11,264.0329418,84.36165004,0.007324219,0.009765625,0.004882813,2584,0.000228405,0.000228405,0,0.000228405,0.000228405,11_18:0.004440955220494702;11_10:0.0030908058268257488;11_12:0.0017450925171629827,11_18:0.004708966803056158;11_10:0.0024206293292929615;11_12:0.0019786352661461393,11_18:68;11_10:68;11_12:68,TRUE,,0.00417883,,0.002413177,,
12,336.2510862,236.9438814,0.002197266,0.004394531,0,2584,0.000166939,0.000166939,0,0.000166939,0.000166939,12_13:0.0017314150397739758;12_11:0.0017450925171629827,12_13:0.0014421800025192777;12_11:0.0019786352661461393,12_13:80;12_11:68,TRUE,,0.002638173,,0.001656185,,
13,130.5661193,181.938668,0.007568359,0.010742188,0.004394531,2584,0.001120497,0.001120497,0,0.001120497,0.001120497,13_12:0.0017314150397739758;13_14:0.0014128579030301402,13_12:0.0014421800025192777;13_14:0.0017618144511763467,13_12:80;13_14:80,TRUE,,0.003262455,,0.002357309,,
14,290.5381401,157.2738093,0.002929688,0.003417969,0.002441406,2584,0.000260881,0.000260881,0,0.000260881,0.000260881,14_15:0.0014358362142577463;14_13:0.0014128579030301402,14_15:0.0016493750289487685;14_13:0.0017618144511763467,14_15:68;14_13:80,TRUE,,0.003449142,,0.002738574,,
15,251.9346127,26.35381809,0.007568359,0.011230469,0.00390625,2584,0.000144107,0.000144107,0,0.000144107,0.000144107,15_14:0.0014358362142577463;15_19:0.0022936103503869987,15_14:0.0016493750289487685;15_19:0.001830779672140459,15_14:68;15_19:68,TRUE,,0.003262455,,0.002357309,,
16,95.88534968,98.14562929,0.013183594,0.020996094,0.005371094,2584,0.000406369,0.000406369,0,0.000406369,0.000406369,16_23:0.00415890912761574;16_3:0.005132066337898977,16_23:0.0020476280439332695;16_3:0.0025671084825203694,16_23:68;16_3:68,TRUE,,0.00396778,,0.002751497,,
17,226.2295411,27.08387342,0.012695313,0.01171875,0.013671875,2584,0.000377041,0.000377041,0,0.000377041,0.000377041,17_7:0.0027385736251182013;17_27:0.005372504045920434,17_7:0.0034491421827698154;17_27:0.007029554275489069,17_7:68;17_27:68,TRUE,,0.003405181,,0.00542828,,
18,89.34126427,81.06088911,0.008544922,0.014648438,0.002441406,2584,0.000304472,0.000304472,0,0.000304472,0.000304472,18_11:0.004440955220494702;18_31:0.006443969837871877,18_11:0.004708966803056158;18_31:0.005380680278804312,18_11:68;18_31:68,TRUE,,0.00396778,,0.002751497,,
19,156.2842136,56.54469185,0.007080078,0.013183594,0.000976563,2584,0.000137761,0.000137761,0,0.000137761,0.000137761,19_35:0.0016726833249723905;19_15:0.0022936103503869987,19_35:0.0028055910340850365;19_15:0.001830779672140459,19_35:80;19_15:68,TRUE,,0.003405181,,0.00542828,,
20,145.1048578,223.9281213,0.008789063,0.01171875,0.005859375,2584,0.00036351,0.00036351,0,0.00036351,0.00036351,20_21:0.004659514809902288,20_21:0.0025435005914433706,20_21:68,TRUE,,0.002555875,,0.003357166,,
21,258.6626045,233.1375705,0.003173828,0.00390625,0.002441406,2584,0.000171851,0.000171851,0,0.000171851,0.000171851,21_36:0.0041436426639872015;21_20:0.004659514809902288;21_22:0.001617173926494242,21_36:0.0028789537917268404;21_20:0.0025435005914433706;21_22:0.005418655268963429,21_36:68;21_20:68;21_22:68,TRUE,,0.002555875,,0.003357166,,
22,215.0942019,38.47957827,0.01171875,0.013183594,0.010253906,2584,0.000187973,0.000187973,0,0.000187973,0.000187973,22_23:0.0016849203036208293;22_21:0.001617173926494242,22_23:0.0049956036773027845;22_21:0.005418655268963429,22_23:68;22_21:68,TRUE,,0.002420629,,0.003090806,,
23,211.2814712,139.3335525,0.019042969,0.029785156,0.008300781,2584,0.000247586,0.000247586,0,0.000247586,0.000247586,23_22:0.0016849203036208293;23_24:1;23_16:0.00415890912761574,23_22:0.0049956036773027845;23_24:1;23_16:0.0020476280439332695,23_22:68;23_24:68;23_16:68,TRUE,,0.004708967,,0.004440955,,
24,35.49771135,0.179829142,0.209960938,0.210449219,0.209472656,2584,1,1,0,1,1,24_23:1;24_25:1,24_23:1;24_25:1,24_23:68;24_25:68,TRUE,,0.002420629,,0.003090806,,
25,143.3818803,65.7521187,0.062744141,0.047363281,0.078125,2584,0.000447744,0.000447744,0,0.000447744,0.000447744,25_24:1;25_26:0.03875527526880784;25_37:0.004653431423164545,25_24:1;25_26:0.02089697252260242;25_37:0.0067021212909329775,25_24:68;25_26:68;25_37:68,TRUE,,0.001978635,,0.001745093,,
26,6.971507501,5.295153946,0.084228516,0.093261719,0.075195313,2584,0.002399968,0.002399968,0,0.002399968,0.002399968,26_25:0.03875527526880784;26_27:0.03817133987672405,26_25:0.02089697252260242;26_27:0.01658226508269184,26_25:68;26_27:68,TRUE,,0.00144218,,0.001731415,,
27,196.1703386,80.29495535,0.006591797,0.011230469,0.001953125,2584,0.000243496,0.000243496,0,0.000243496,0.000243496,27_26:0.03817133987672405;27_28:0.00236055682741515;27_17:0.005372504045920434,27_26:0.01658226508269184;27_28:0.005432419080691253;27_17:0.007029554275489069,27_26:68;27_28:68;27_17:68,TRUE,,0.001978635,,0.001745093,,
28,301.8867513,108.1290562,0.012451172,0.017089844,0.0078125,2584,0.000270837,0.000270837,0,0.000270837,0.000270837,28_27:0.00236055682741515;28_29:0.0022742926502757888,28_27:0.005432419080691253;28_29:0.0041157707205234095,28_27:68;28_29:68,TRUE,,0.00144218,,0.001731415,,
29,211.1684538,124.7058018,0.007080078,0.012695313,0.001464844,2584,0.000171247,0.000171247,0,0.000171247,0.000171247,29_38:0.0034952713230506083;29_28:0.0022742926502757888;29_30:0.0026782153418624666,29_38:0.003417632148332961;29_28:0.0041157707205234095;29_30:0.006964909942374725,29_38:68;29_28:68;29_30:68,TRUE,,0.001761814,,0.001412858,,
30,231.197317,64.10076894,0.006103516,0.008300781,0.00390625,2584,0.000230384,0.000230384,0,0.000230384,0.000230384,30_31:0.005926882740151129;30_29:0.0026782153418624666,30_31:0.005316744449311045;30_29:0.006964909942374725,30_31:68;30_29:68,TRUE,,0.001649375,,0.001435836,,
31,132.6779511,55.74742141,0.017089844,0.03125,0.002929688,2584,0.000292143,0.000292143,0,0.000292143,0.000292143,31_30:0.005926882740151129;31_32:0.0032597601214082172;31_18:0.006443969837871877,31_30:0.005316744449311045;31_32:0.00407436111945314;31_18:0.005380680278804312,31_30:68;31_32:68;31_18:68,TRUE,,0.001761814,,0.001412858,,
32,277.8146568,43.81592872,0.009765625,0.012207031,0.007324219,2584,0.000573982,0.000573982,0,0.000573982,0.000573982,32_31:0.0032597601214082172;32_33:0.003314095882605339,32_31:0.00407436111945314;32_33:0.0027456670373764425,32_31:68;32_33:68,TRUE,,0.001649375,,0.001435836,,
33,139.3684171,142.9470064,0.006591797,0.012695313,0.000488281,2584,0.000307704,0.000307704,0,0.000307704,0.000307704,33_39:0.002264170732255877;33_32:0.003314095882605339;33_34:0.0016145933485192665,33_39:0.004004442221291177;33_32:0.0027456670373764425;33_34:0.0014078047455046705,33_39:68;33_32:68;33_34:68,TRUE,,0.00183078,,0.00229361,,
34,135.5872925,146.7509134,0.005126953,0.009277344,0.000976563,2584,0.000382423,0.000382423,0,0.000382423,0.000382423,34_33:0.0016145933485192665;34_35:0.0020842264397781807,34_33:0.0014078047455046705;34_35:0.0024634522949413817,34_33:68;34_35:68,TRUE,,0.002047628,,0.004158909,,
35,290.4115978,286.3192127,0.006103516,0.005859375,0.006347656,2584,0.000122334,0.000122334,0,0.000122334,0.000122334,35_19:0.0016726833249723905;35_34:0.0020842264397781807,35_19:0.0028055910340850365;35_34:0.0024634522949413817,35_19:80;35_34:68,TRUE,,0.002567108,,0.005132066,,
36,154.8743701,92.79487275,0.013671875,0.022949219,0.004394531,2584,0.000321084,0.000321084,0,0.000321084,0.000321084,36_41:0.004051397710706284;36_21:0.0041436426639872015,36_41:0.0028420274306083237;36_21:0.0028789537917268404,36_41:68;36_21:68,TRUE,,0.003449142,,0.002738574,,
37,160.2873337,14.02852704,0.020751953,0.022460938,0.019042969,2584,0.00103767,0.00103767,0,0.00103767,0.00103767,37_45:0.005029259972533173;37_25:0.004653431423164545,37_45:0.0112839178160343;37_25:0.0067021212909329775,37_45:68;37_25:68,TRUE,,0.007029554,,0.005372504,,
38,115.8706192,83.0920543,0.009765625,0.019042969,0.000488281,2584,0.000567175,0.000567175,0,0.000567175,0.000567175,38_29:0.0034952713230506083;38_49:0.004373765440894517,38_29:0.003417632148332961;38_49:0.005601282975280092,38_29:68;38_49:68,TRUE,,0.004708967,,0.004440955,,
39,175.7562414,186.3394967,0.007568359,0.015136719,0,2584,0.000317307,0.000317307,0,0.000317307,0.000317307,39_53:0.003286598625658166;39_33:0.002264170732255877,39_53:0.00654541528081537;39_33:0.004004442221291177,39_53:68;39_33:68,TRUE,,0.00538068,,0.00644397,,
40,169.0296585,111.4680827,0.015869141,0.022949219,0.008789063,2584,0.000214184,0.000214184,0,0.000214184,0.000214184,40_41:0.002637819382989681,40_41:0.003489342612497115,40_41:68,TRUE,,0.002805591,,0.001672683,,
41,187.3535733,27.22367481,0.010742188,0.010742188,0.010742188,2584,0.000178248,0.000178248,0,0.000178248,0.000178248,41_40:0.002637819382989681;41_42:0.002191603039798762;41_36:0.004051397710706284,41_40:0.003489342612497115;41_42:0.002850686462319424;41_36:0.0028420274306083237,41_40:68;41_42:68;41_36:68,TRUE,,0.00183078,,0.00229361,,
42,271.840306,130.0306403,0.009033203,0.010253906,0.0078125,2584,0.000254995,0.000254995,0,0.000254995,0.000254995,42_41:0.002191603039798762;42_43:0.008776582094243313,42_41:0.002850686462319424;42_43:0.0062316805633264305,42_41:68;42_43:68,TRUE,,0.002543501,,0.004659515,,
43,177.2966852,94.92137728,0.009765625,0.015136719,0.004394531,2584,0.0004625,0.0004625,0,0.0004625,0.0004625,43_42:0.008776582094243313;43_56:0.007862464514494572;43_44:0.003112020520168901,43_42:0.0062316805633264305;43_56:0.0054392672660714125;43_44:0.0035148399539876862,43_42:68;43_56:68;43_44:68,TRUE,,0.002878954,,0.004143643,,
44,262.5199169,209.6577383,0.004394531,0.004394531,0.004394531,2584,0.000352337,0.000352337,0,0.000352337,0.000352337,44_45:0.004477068616434043;44_43:0.003112020520168901,44_45:0.0030811121889517123;44_43:0.0035148399539876862,44_45:68;44_43:68,TRUE,,0.002543501,,0.004659515,,
45,179.1308819,131.7769583,0.004150391,0.0078125,0.000488281,2584,0.000162827,0.000162827,0,0.000162827,0.000162827,45_44:0.004477068616434043;45_46:0.0032524570409988574;45_37:0.005029259972533173,45_44:0.0030811121889517123;45_46:0.0045607573266653045;45_37:0.0112839178160343,45_44:68;45_46:68;45_37:68,TRUE,,0.005418655,,0.001617174,,
46,263.8119218,93.9199647,0.032226563,0.025390625,0.0390625,2584,0.000268253,0.000268253,0,0.000268253,0.000268253,46_45:0.0032524570409988574;46_47:0.003174486079464023,46_45:0.0045607573266653045;46_47:0.0029371863558243227,46_45:68;46_47:68,TRUE,,0.004995604,,0.00168492,,
47,229.7735871,133.926068,0.006835938,0.009277344,0.004394531,2584,0.000162663,0.000162663,0,0.000162663,0.000162663,47_48:0.007512364228394741;47_57:0.0026252124469132165;47_46:0.003174486079464023,47_48:0.0035705271422062923;47_57:0.0028369493533657864;47_46:0.0029371863558243227,47_48:68;47_57:68;47_46:68,TRUE,,0.005418655,,0.001617174,,
48,224.7737693,261.6624863,0.032226563,0.035644531,0.028808594,2584,0.001825704,0.001825704,0,0.001825704,0.001825704,48_47:0.007512364228394741;48_49:0.005861541458384467,48_47:0.0035705271422062923;48_49:0.004613380663607974,48_47:68;48_49:68,TRUE,,0.004995604,,0.00168492,,
49,222.0591251,268.3113021,0.011230469,0.021484375,0.000976563,2584,0.000157089,0.000157089,0,0.000157089,0.000157089,49_48:0.005861541458384467;49_50:0.00217658313827096;49_38:0.004373765440894517,49_48:0.004613380663607974;49_50:0.0021965711937424748;49_38:0.005601282975280092,49_48:68;49_50:68;49_38:68,TRUE,,1,,1,,
50,263.6998137,246.7290567,0.014648438,0.017089844,0.012207031,2584,0.00031321,0.00031321,0,0.00031321,0.00031321,50_49:0.00217658313827096;50_51:0.0025276473716795422,50_49:0.0021965711937424748;50_51:0.0027029755408043143,50_49:68;50_51:68,TRUE,,0.002047628,,0.004158909,,
51,184.4827911,358.6208472,0.074462891,0.107421875,0.041503906,2584,0.000290774,0.000290774,0,0.000290774,0.000290774,51_50:0.0025276473716795422;51_52:0.002651688750287262;51_58:0.0029728123212317548,51_50:0.0027029755408043143;51_52:0.006482246576543643;51_58:0.0039109471673205165,51_50:68;51_52:68;51_58:68,TRUE,,1,,1,,
52,163.6317023,151.13117,0.01171875,0.020507813,0.002929688,2584,0.000417101,0.000417101,0,0.000417101,0.000417101,52_51:0.002651688750287262;52_53:0.003900446349199005,52_51:0.006482246576543643;52_53:0.002943887487267094,52_51:68;52_53:68,TRUE,,1,,1,,
53,306.4161886,310.0061028,0.004150391,0.008300781,0,2584,0.000377259,0.000377259,0,0.000377259,0.000377259,53_39:0.003286598625658166;53_52:0.003900446349199005;53_54:0.0028303690112158053,53_39:0.00654541528081537;53_52:0.002943887487267094;53_54:0.0013876543814623776,53_39:68;53_52:68;53_54:68,TRUE,,1,,1,,
54,255.0925538,406.1244156,0.017822266,0.017578125,0.018066406,2584,0.000202238,0.000202238,0,0.000202238,0.000202238,54_53:0.0028303690112158053;54_55:0.00202707696237836,54_53:0.0013876543814623776;54_55:0.0015703498916111724,54_53:68;54_55:68,TRUE,,0.020896973,,0.038755275,,
55,188.8554565,79.11890893,0.003417969,0.006835938,0,2584,0.00012186,0.00012186,0,0.00012186,0.00012186,55_59:0.002179094591858277;55_54:0.00202707696237836,55_59:0.0028357608806766077;55_54:0.0015703498916111724,55_59:68;55_54:68,TRUE,,0.006702121,,0.004653431,,
56,201.3527119,175.5862263,0.007568359,0.014160156,0.000976563,2584,0.000243901,0.000243901,0,0.000243901,0.000243901,56_63:0.006490984035824876;56_43:0.007862464514494572,56_63:0.006265325369144675;56_43:0.0054392672660714125,56_63:68;56_43:68,TRUE,,0.020896973,,0.038755275,,
57,215.1767397,115.2061284,0.026123047,0.025390625,0.026855469,2584,0.000233728,0.000233728,0,0.000233728,0.000233728,57_47:0.0026252124469132165;57_67:0.006548285962401312,57_47:0.0028369493533657864;57_67:1,57_47:68;57_67:68,TRUE,,0.016582265,,0.03817134,,
58,201.4584785,214.7477344,0.027832031,0.032226563,0.0234375,2584,0.000179275,0.000179275,0,0.000179275,0.000179275,58_71:0.0028034509727088985;58_51:0.0029728123212317548,58_71:1;58_51:0.0039109471673205165,58_71:68;58_51:68,TRUE,,0.016582265,,0.03817134,,
59,80.65976901,88.19963898,0.008544922,0.009277344,0.0078125,2584,0.000334605,0.000334605,0,0.000334605,0.000334605,59_55:0.002179094591858277;59_75:0.003149103511306983,59_55:0.0028357608806766077;59_75:1,59_55:68;59_75:68,TRUE,,0.005432419,,0.002360557,,
60,141.4491612,115.4788812,0.008056641,0.012207031,0.00390625,2584,0.000188122,0.000188122,0,0.000188122,0.000188122,60_61:0.008720406989530638,60_61:1,60_61:80,TRUE,,0.007029554,,0.005372504,,
61,353.2354863,285.9858795,0.027587891,0.025878906,0.029296875,2584,0.00016204,0.00016204,0,0.00016204,0.00016204,61_76:0.0037431526165832008;61_60:0.008720406989530638;61_62:0.0024611626522658137,61_76:0.001956389128855013;61_60:1;61_62:0.006521050513886739,61_76:68;61_60:80;61_62:68,TRUE,,0.005432419,,0.002360557,,
62,148.9430418,78.09560985,0.0390625,0.047363281,0.030761719,2584,0.000385455,0.000385455,0,0.000385455,0.000385455,62_61:0.0024611626522658137;62_63:0.0026486378551640044,62_61:0.006521050513886739;62_63:0.008977140081461082,62_61:68;62_63:68,TRUE,,0.004115771,,0.002274293,,
63,165.4294968,101.5976292,0.025634766,0.048339844,0.002929688,2584,0.000216052,0.000216052,0,0.000216052,0.000216052,63_56:0.006490984035824876;63_62:0.0026486378551640044;63_64:0.0035061358188007707,63_56:0.006265325369144675;63_62:0.008977140081461082;63_64:0.007361924569700112,63_56:68;63_62:68;63_64:68,TRUE,,0.003417632,,0.003495271,,
64,160.2559235,92.65698565,0.011474609,0.014648438,0.008300781,2584,0.00021421,0.00021421,0,0.00021421,0.00021421,64_65:0.002792091871067881;64_63:0.0035061358188007707,64_65:0.00324346959956906;64_63:0.007361924569700112,64_65:68;64_63:68,TRUE,,0.004115771,,0.002274293,,
65,288.76563,59.00341134,0.025390625,0.048828125,0.001953125,2584,0.000190971,0.000190971,0,0.000190971,0.000190971,65_64:0.002792091871067881;65_66:0.002577522148639322;65_77:0.0034024326735197508,65_64:0.00324346959956906;65_66:0.004271665656865542;65_77:0.0038043793193104636,65_64:68;65_66:68;65_77:68,TRUE,,0.00696491,,0.002678215,,
66,152.4571848,135.0684079,0.005126953,0.008300781,0.001953125,2584,0.000233822,0.000233822,0,0.000233822,0.000233822,66_65:0.002577522148639322;66_67:0.0033128350422093056,66_65:0.004271665656865542;66_67:0.004834084157251256,66_65:68;66_67:68,TRUE,,0.005316744,,0.005926883,,
67,201.9886311,22.30764028,0.013183594,0.015136719,0.011230469,2584,0.000140092,0.000140092,0,0.000140092,0.000140092,67_68:0.004474797875922032;67_57:0.006548285962401312;67_66:0.0033128350422093056,67_68:0.003434444014512983;67_57:1;67_66:0.004834084157251256,67_68:68;67_57:68;67_66:68,TRUE,,0.00696491,,0.002678215,,
68,132.5581258,26.30265846,0.024902344,0.041992188,0.0078125,2584,0.000384849,0.000384849,0,0.000384849,0.000384849,68_67:0.004474797875922032;68_69:0.0035727272487967032,68_67:0.003434444014512983;68_69:0.0034609695739969137,68_67:68;68_69:68,TRUE,,0.005316744,,0.005926883,,
69,168.178221,24.83220719,0.026855469,0.028808594,0.024902344,2584,0.000189473,0.000189473,0,0.000189473,0.000189473,69_78:0.005352242349815295;69_68:0.0035727272487967032;69_70:0.002765960915609711,69_78:0.0032180327535351327;69_68:0.0034609695739969137;69_70:0.0027473681120572524,69_78:68;69_68:68;69_70:80,TRUE,,0.004074361,,0.00325976,,
70,177.8436906,22.15685628,0.010986328,0.019042969,0.002929688,2584,0.000283281,0.000283281,0,0.000283281,0.000283281,70_69:0.002765960915609711;70_71:0.0025942319160623395,70_69:0.0027473681120572524;70_71:0.0029836540446654958,70_69:80;70_71:68,TRUE,,0.00538068,,0.00644397,,
71,116.910248,152.44278,0.008300781,0.015625,0.000976563,2584,0.000255655,0.000255655,0,0.000255655,0.000255655,71_72:0.0042939127230174345;71_58:0.0028034509727088985;71_70:0.0025942319160623395,71_72:0.006546216253773968;71_58:1;71_70:0.0029836540446654958,71_72:68;71_58:68;71_70:68,TRUE,,0.004074361,,0.00325976,,
72,142.5865947,63.05198527,0.010498047,0.016113281,0.004882813,2584,0.000402132,0.000402132,0,0.000402132,0.000402132,72_73:0.07307764562198515;72_71:0.0042939127230174345,72_73:0.0374277880259149;72_71:0.006546216253773968,72_73:68;72_71:68,TRUE,,0.002745667,,0.003314096,,
73,244.6529182,207.3857951,0.008056641,0.009765625,0.006347656,2584,0.00027073,0.00027073,0,0.00027073,0.00027073,73_72:0.07307764562198515;73_74:0.00415501119466638;73_79:0.002791672164987269,73_72:0.0374277880259149;73_74:0.003374983599207987;73_79:0.0027933400976995204,73_72:68;73_74:68;73_79:68,TRUE,,0.004004442,,0.002264171,,
74,132.5750585,11.80261352,0.010498047,0.020019531,0.000976563,2584,0.000506823,0.000506823,0,0.000506823,0.000506823,74_73:0.00415501119466638;74_75:0.00252823238652089,74_73:0.003374983599207987;74_75:0.0026622705932856094,74_73:68;74_75:68,TRUE,,0.002745667,,0.003314096,,
75,216.7175938,222.7768177,0.00390625,0.007324219,0.000488281,2584,0.000143157,0.000143157,0,0.000143157,0.000143157,75_59:0.003149103511306983;75_74:0.00252823238652089,75_59:1;75_74:0.0026622705932856094,75_59:68;75_74:68,TRUE,,0.001407805,,0.001614593,,
76,166.7803558,50.05110956,0.012451172,0.013183594,0.01171875,2584,0.000376344,0.000376344,0,0.000376344,0.000376344,76_81:0.0035279770932261645;76_61:0.0037431526165832008,76_81:0.0033742439307370697;76_61:0.001956389128855013,76_81:68;76_61:68,TRUE,,0.001407805,,0.001614593,,
77,230.7792089,116.214053,0.014160156,0.021972656,0.006347656,2584,0.000379773,0.000379773,0,0.000379773,0.000379773,77_85:0.0038854835584656855;77_65:0.0034024326735197508,77_85:0.0029162329904046103;77_65:0.0038043793193104636,77_85:68;77_65:68,TRUE,,0.002463452,,0.002084226,,
78,143.7602484,144.4516162,0.01171875,0.017578125,0.005859375,2584,0.000250718,0.000250718,0,0.000250718,0.000250718,78_69:0.005352242349815295;78_89:0.0033757637834512244,78_69:0.0032180327535351327;78_89:0.0025215083299916508,78_69:68;78_89:68,TRUE,,0.002805591,,0.001672683,,
79,105.4322499,33.56767435,0.011230469,0.013183594,0.009277344,2584,0.00036109,0.00036109,0,0.00036109,0.00036109,79_93:0.0024465439695114943;79_73:0.002791672164987269,79_93:0.0019711780650794875;79_73:0.0027933400976995204,79_93:68;79_73:68,TRUE,,0.002463452,,0.002084226,,
80,131.4954011,42.51308398,0.004394531,0.007324219,0.001464844,2584,0.000173425,0.000173425,0,0.000173425,0.000173425,80_81:0.0037822532369300443,80_81:0.003229091765777209,80_81:68,TRUE,,0.002842027,,0.004051398,,
81,240.2426761,227.7106694,0.013183594,0.013183594,0.013183594,2584,0.000309222,0.000309222,0,0.000309222,0.000309222,81_80:0.0037822532369300443;81_82:1;81_76:0.0035279770932261645,81_80:0.003229091765777209;81_82:1;81_76:0.0033742439307370697,81_80:68;81_82:68;81_76:68,TRUE,,0.002878954,,0.004143643,,
82,57.36857582,23.14728572,0.393066406,0.317382813,0.46875,2584,1,1,0,1,1,82_81:1;82_83:1,82_81:1;82_83:1,82_81:68;82_83:68,TRUE,,0.011283918,,0.00502926,,
83,231.5382527,278.4051841,0.134765625,0.088867188,0.180664063,2584,0.000228489,0.000228489,0,0.000228489,0.000228489,83_96:0.003013406934557372;83_82:1;83_84:0.0045237420869647105,83_96:0.0036353141717268556;83_82:1;83_84:0.0038780581977092554,83_96:68;83_82:68;83_84:68,TRUE,,0.006702121,,0.004653431,,
84,168.8092697,122.5300303,0.007080078,0.013183594,0.000976563,2584,0.000189792,0.000189792,0,0.000189792,0.000189792,84_83:0.0045237420869647105;84_85:0.0051566486502481745,84_83:0.0038780581977092554;84_85:0.006110504794181459,84_83:68;84_85:68,TRUE,,0.003417632,,0.003495271,,
85,150.0033839,80.55346667,0.006835938,0.012207031,0.001464844,2584,0.000251721,0.000251721,0,0.000251721,0.000251721,85_77:0.0038854835584656855;85_86:0.0049958995038420495;85_84:0.0051566486502481745,85_77:0.0029162329904046103;85_86:0.005690474055304373;85_84:0.006110504794181459,85_77:68;85_86:68;85_84:68,TRUE,,0.005601283,,0.004373765,,
86,159.8653781,66.84432644,0.025634766,0.014160156,0.037109375,2584,0.000406161,0.000406161,0,0.000406161,0.000406161,86_85:0.0049958995038420495;86_87:0.0027371941777837305,86_85:0.005690474055304373;86_87:1,86_85:68;86_87:68,TRUE,,0.006545415,,0.003286599,,
87,187.4796585,94.99662908,0.003417969,0.005859375,0.000976563,2584,0.000596745,0.000596745,0,0.000596745,0.000596745,87_86:0.0027371941777837305;87_88:0.0019298853143858707;87_97:0.0026269573580192662,87_86:1;87_88:0.0026344603418630985;87_97:0.002620981534121991,87_86:68;87_88:68;87_97:68,TRUE,,0.004004442,,0.002264171,,
88,219.7667006,208.8841546,0.016357422,0.018554688,0.014160156,2584,0.000323966,0.000323966,0,0.000323966,0.000323966,88_87:0.0019298853143858707;88_89:0.0017473978419059177,88_87:0.0026344603418630985;88_89:0.0051147903458167165,88_87:68;88_89:68,TRUE,,0.003489343,,0.002637819,,
89,241.2070582,97.84642763,0.015869141,0.026367188,0.005371094,2584,0.000184841,0.000184841,0,0.000184841,0.000184841,89_90:0.004091190215201268;89_88:0.0017473978419059177;89_78:0.0033757637834512244,89_90:0.0022781860038875723;89_88:0.0051147903458167165;89_78:0.0025215083299916508,89_90:68;89_88:68;89_78:68,TRUE,,0.003489343,,0.002637819,,
90,254.7068809,183.6822164,0.005371094,0.009277344,0.001464844,2584,0.000255645,0.000255645,0,0.000255645,0.000255645,90_89:0.004091190215201268;90_91:0.0029550438252555766,90_89:0.0022781860038875723;90_91:0.00246081875689394,90_89:68;90_91:80,TRUE,,0.002850686,,0.002191603,,
91,139.1211873,267.6114584,0.018310547,0.021484375,0.015136719,2584,0.000220754,0.000220754,0,0.000220754,0.000220754,91_98:0.0017481159723072848;91_90:0.0029550438252555766;91_92:0.00288163877264791,91_98:0.0015184396482710583;91_90:0.00246081875689394;91_92:0.002690288301875454,91_98:68;91_90:80;91_92:68,TRUE,,0.002842027,,0.004051398,,
92,314.2480595,464.9751189,0.006591797,0.008789063,0.004394531,2584,0.000470929,0.000470929,0,0.000470929,0.000470929,92_91:0.00288163877264791;92_93:0.006873562961714597,92_91:0.002690288301875454;92_93:0.002624011333446419,92_91:68;92_93:68,TRUE,,0.002850686,,0.002191603,,
93,300.4075378,341.2565073,0.007324219,0.014160156,0.000488281,2584,0.00067152,0.00067152,0,0.00067152,0.00067152,93_94:0.0020701989273834154;93_79:0.0024465439695114943;93_92:0.006873562961714597,93_94:0.0017177816976150229;93_79:0.0019711780650794875;93_92:0.002624011333446419,93_94:68;93_79:68;93_92:68,TRUE,,0.006231681,,0.008776582,,
94,363.5320001,273.5151126,0.005126953,0.008789063,0.001464844,2584,0.000348782,0.000348782,0,0.000348782,0.000348782,94_93:0.0020701989273834154;94_95:0.005303258216593887,94_93:0.0017177816976150229;94_95:0.002906903924559029,94_93:68;94_95:68,TRUE,,0.006231681,,0.008776582,,
95,321.2211969,332.5289376,0.007568359,0.012207031,0.002929688,2584,0.00014661,0.00014661,0,0.00014661,0.00014661,95_99:0.0036711073194133914;95_94:0.005303258216593887,95_99:0.0065104004508426405;95_94:0.002906903924559029,95_99:68;95_94:68,TRUE,,0.005439267,,0.007862465,,
96,141.3315419,33.4123571,0.008789063,0.016113281,0.001464844,2584,0.000600853,0.000600853,0,0.000600853,0.000600853,96_83:0.003013406934557372;96_103:0.006223769261971657,96_83:0.0036353141717268556;96_103:0.006854135217012586,96_83:68;96_103:68,TRUE,,0.00351484,,0.003112021,,
97,303.1602372,93.22967381,0.010009766,0.014160156,0.005859375,2584,0.000216927,0.000216927,0,0.000216927,0.000216927,97_87:0.0026269573580192662;97_107:0.0026372918333461004,97_87:0.002620981534121991;97_107:0.0033330727923431003,97_87:68;97_107:68,TRUE,,0.003081112,,0.004477069,,
98,256.9602102,65.86189516,0.009521484,0.016601563,0.002441406,2584,0.000179901,0.000179901,0,0.000179901,0.000179901,98_91:0.0017481159723072848;98_111:0.0021346838380469912,98_91:0.0015184396482710583;98_111:0.0029539596781422983,98_91:68;98_111:68,TRUE,,0.00351484,,0.003112021,,
99,82.30281867,35.24427211,0.011474609,0.013183594,0.009765625,2584,0.000193053,0.000193053,0,0.000193053,0.000193053,99_115:0.002653014001065379;99_95:0.0036711073194133914,99_115:0.0021232318456576305;99_95:0.0065104004508426405,99_115:68;99_95:68,TRUE,,0.003081112,,0.004477069,,
100,91.84319601,88.39217711,0.006347656,0.012207031,0.000488281,2584,0.000727388,0.000727388,0,0.000727388,0.000727388,100_101:0.0049178621276509404,100_101:0.00443535136846035,100_101:68,TRUE,,0.004560757,,0.003252457,,
101,136.9843064,32.3002725,0.008789063,0.016113281,0.001464844,2584,0.000538019,0.000538019,0,0.000538019,0.000538019,101_100:0.0049178621276509404;101_116:0.00435584425218255;101_102:0.007251615223314523,101_100:0.00443535136846035;101_116:0.006108908627147663;101_102:1,101_100:68;101_116:68;101_102:68,TRUE,,0.011283918,,0.00502926,,
102,110.7184519,94.08144989,0.009277344,0.015625,0.002929688,2584,0.000350812,0.000350812,0,0.000350812,0.000350812,102_101:0.007251615223314523;102_103:0.006941196110840542,102_101:1;102_103:1,102_101:68;102_103:68,TRUE,,0.004560757,,0.003252457,,
103,87.71347782,69.66123495,0.032470703,0.0234375,0.041503906,2584,0.000469869,0.000469869,0,0.000469869,0.000469869,103_104:0.004501164024224735;103_96:0.006223769261971657;103_102:0.006941196110840542,103_104:1;103_96:0.006854135217012586;103_102:1,103_104:68;103_96:68;103_102:68,TRUE,,0.002937186,,0.003174486,,
104,260.4683447,129.0665549,0.016357422,0.025390625,0.007324219,2584,0.00025178,0.00025178,0,0.00025178,0.00025178,104_103:0.004501164024224735;104_105:0.0029358259222347916,104_103:1;104_105:0.0024164332158896074,104_103:68;104_105:68,TRUE,,0.003570527,,0.007512364,,
105,135.3978698,100.1832524,0.006103516,0.01171875,0.000488281,2584,0.00028605,0.00028605,0,0.00028605,0.00028605,105_104:0.0029358259222347916;105_106:0.004535308795828086;105_117:0.003520577016550175,105_104:0.0024164332158896074;105_106:0.002041164805689416;105_117:0.008000425357157837,105_104:68;105_106:68;105_117:68,TRUE,,0.002836949,,0.002625212,,
106,255.6031865,364.9405885,0.012939453,0.013671875,0.012207031,2584,0.000206751,0.000206751,0,0.000206751,0.000206751,106_107:0.005934696635983061;106_105:0.004535308795828086,106_107:0.0023279006000120894;106_105:0.002041164805689416,106_107:68;106_105:68,TRUE,,0.002937186,,0.003174486,,
107,217.5909933,90.29265436,0.007324219,0.014160156,0.000488281,2584,0.00017957,0.00017957,0,0.00017957,0.00017957,107_106:0.005934696635983061;107_108:0.0036753520280494167;107_97:0.0026372918333461004,107_106:0.0023279006000120894;107_108:0.00407672583394969;107_97:0.0033330727923431003,107_106:68;107_108:68;107_97:68,TRUE,,0.003570527,,0.007512364,,
108,185.9525764,156.1499744,0.008300781,0.012207031,0.004394531,2584,0.000654696,0.000654696,0,0.000654696,0.000654696,108_107:0.0036753520280494167;108_109:0.0034697681925305868,108_107:0.00407672583394969;108_109:0.0031431026272804863,108_107:68;108_109:68,TRUE,,0.004613381,,0.005861541,,
109,267.4972934,168.6988304,0.008544922,0.014648438,0.002441406,2584,0.000233398,0.000233398,0,0.000233398,0.000233398,109_108:0.0034697681925305868;109_110:0.0015797202419755574;109_118:0.00362367771028016,109_108:0.0031431026272804863;109_110:0.0014700840533846404;109_118:1,109_108:68;109_110:68;109_118:68,TRUE,,0.004613381,,0.005861541,,
110,298.1503126,162.8436316,0.004882813,0.006347656,0.003417969,2584,0.000258602,0.000258602,0,0.000258602,0.000258602,110_109:0.0015797202419755574;110_111:0.0019881498584790602,110_109:0.0014700840533846404;110_111:0.001889433389411832,110_109:68;110_111:68,TRUE,,0.002196571,,0.002176583,,
111,172.5363888,65.10917138,0.009277344,0.011230469,0.007324219,2584,0.000198724,0.000198724,0,0.000198724,0.000198724,111_112:0.0026952093641844366;111_110:0.0019881498584790602;111_98:0.0021346838380469912,111_112:0.002306316912909251;111_110:0.001889433389411832;111_98:0.0029539596781422983,111_112:68;111_110:68;111_98:68,TRUE,,0.005601283,,0.004373765,,
112,254.412736,241.0644418,0.004150391,0.006835938,0.001464844,2584,0.000219326,0.000219326,0,0.000219326,0.000219326,112_111:0.0026952093641844366;112_113:1,112_111:0.002306316912909251;112_113:0.02024999999999999,112_111:68;112_113:68,TRUE,,0.002196571,,0.002176583,,
113,195.3146359,119.9211798,0.499755859,0.999511719,0,2584,1,1,0,1,1,113_119:1;113_112:1;113_114:1,113_119:1;113_112:0.02024999999999999;113_114:0.02024999999999999,113_119:68;113_112:68;113_114:68,TRUE,,0.002702976,,0.002527647,,
114,280.6646575,277.5609134,0.005859375,0.008300781,0.003417969,2584,0.000160873,0.000160873,0,0.000160873,0.000160873,114_115:0.002234534081660855;114_113:1,114_115:0.0022964547155838733;114_113:0.02024999999999999,114_115:68;114_113:68,TRUE,,0.002702976,,0.002527647,,
115,197.703522,64.08155596,0.013427734,0.012695313,0.014160156,2584,0.00014679,0.00014679,0,0.00014679,0.00014679,115_99:0.002653014001065379;115_114:0.002234534081660855,115_99:0.0021232318456576305;115_114:0.0022964547155838733,115_99:68;115_114:68,TRUE,,0.006482247,,0.002651689,,
116,79.57928626,97.208255,0.008300781,0.015136719,0.001464844,2584,0.000275502,0.000275502,0,0.000275502,0.000275502,116_101:0.00435584425218255;116_121:0.004535251422915776,116_101:0.006108908627147663;116_121:0.003372867423366288,116_101:68;116_121:68,TRUE,,0.003910947,,0.002972812,,
117,147.5346842,9.025896215,0.008300781,0.013671875,0.002929688,2584,0.000568933,0.000568933,0,0.000568933,0.000568933,117_105:0.003520577016550175;117_125:0.004109012417170321,117_105:0.008000425357157837;117_125:0.004068494306190051,117_105:68;117_125:68,TRUE,,0.006482247,,0.002651689,,
118,172.0591735,65.84774878,0.010986328,0.012207031,0.009765625,2584,0.00036672,0.00036672,0,0.00036672,0.00036672,118_109:0.00362367771028016;118_129:0.0035078964771286247,118_109:1;118_129:1,118_109:68;118_129:68,TRUE,,0.002943887,,0.003900446,,
119,237.0675555,24.77796474,0.200927734,0.399902344,0.001953125,2584,0.000233436,0.000233436,0,0.000233436,0.000233436,119_113:1;119_133:0.12605970888120505,119_113:1;119_133:1,119_113:68;119_133:68,TRUE,,0.006545415,,0.003286599,,
120,271.7336165,51.01452505,0.008056641,0.014160156,0.001953125,2584,0.000371886,0.000371886,0,0.000371886,0.000371886,120_121:0.004021685083570203,120_121:0.0033357519379069722,120_121:68,TRUE,,0.002943887,,0.003900446,,
121,220.2170628,317.5538373,0.015625,0.024414063,0.006835938,2584,0.000215414,0.000215414,0,0.000215414,0.000215414,121_120:0.004021685083570203;121_122:0.0051891952250106566;121_116:0.004535251422915776,121_120:0.0033357519379069722;121_122:0.0029304207067719357;121_116:0.003372867423366288,121_120:68;121_122:80;121_116:68,TRUE,,0.001387654,,0.002830369,,
122,152.1791958,20.79995567,0.01171875,0.019042969,0.004394531,2584,0.000285656,0.000285656,0,0.000285656,0.000285656,122_121:0.0051891952250106566;122_123:0.005736574590361865,122_121:0.0029304207067719357;122_123:0.0032436496002201665,122_121:80;122_123:68,TRUE,,0.001387654,,0.002830369,,
123,165.8338882,76.0485684,0.010498047,0.0078125,0.013183594,2584,0.001037951,0.001037951,0,0.001037951,0.001037951,123_136:0.005280942350040341;123_124:0.011971355551352147;123_122:0.005736574590361865,123_136:0.0025890731889742225;123_124:0.0034805191957062165;123_122:0.0032436496002201665,123_136:68;123_124:68;123_122:68,TRUE,,0.00157035,,0.002027077,,
124,145.0335726,52.93479343,0.015380859,0.022949219,0.0078125,2584,0.000425988,0.000425988,0,0.000425988,0.000425988,124_123:0.011971355551352147;124_125:0.008237786730718122,124_123:0.0034805191957062165;124_125:0.0024144460231371456,124_123:68;124_125:68,TRUE,,0.002835761,,0.002179095,,
125,150.5304259,48.78533957,0.011230469,0.021484375,0.000976563,2584,0.000350262,0.000350262,0,0.000350262,0.000350262,125_117:0.004109012417170321;125_124:0.008237786730718122;125_126:0.003880701034668199,125_117:0.004068494306190051;125_124:0.0024144460231371456;125_126:0.005383059647507876,125_117:68;125_124:68;125_126:68,TRUE,,0.00157035,,0.002027077,,
126,159.4989758,35.29881456,0.0078125,0.014648438,0.000976563,2584,0.000382779,0.000382779,0,0.000382779,0.000382779,126_127:0.007417785506462493;126_125:0.003880701034668199,126_127:1;126_125:0.005383059647507876,126_127:68;126_125:68,TRUE,,0.006265325,,0.006490984,,
127,125.7989816,16.93498525,0.02734375,0.037109375,0.017578125,2584,0.000268385,0.000268385,0,0.000268385,0.000268385,127_126:0.007417785506462493;127_128:0.0025136708061126445;127_137:0.0039573511853424614,127_126:1;127_128:0.002368290428869879;127_137:0.004156657779355866,127_126:68;127_128:68;127_137:68,TRUE,,0.005439267,,0.007862465,,
128,284.0005405,38.78129359,0.010986328,0.013183594,0.008789063,2584,0.000257928,0.000257928,0,0.000257928,0.000257928,128_127:0.0025136708061126445;128_129:0.002505489100253777,128_127:0.002368290428869879;128_129:0.002705298858289823,128_127:68;128_129:68,TRUE,,0.002836949,,0.002625212,,
129,262.6169406,244.0730664,0.009521484,0.015136719,0.00390625,2584,0.000277813,0.000277813,0,0.000277813,0.000277813,129_130:1;129_128:0.002505489100253777;129_118:0.0035078964771286247,129_130:0.1092915653773971;129_128:0.002705298858289823;129_118:1,129_130:68;129_128:68;129_118:68,TRUE,,1,,0.006548286,,
130,364.5703947,73.12972861,0.31640625,0.494628906,0.138183594,2584,1,1,0,1,1,130_129:1;130_131:0.05493816685730907,130_129:0.1092915653773971;130_131:0.1505977456473599,130_129:68;130_131:68,TRUE,,1,,0.002803451,,
131,295.6512519,114.9809719,0.006835938,0.013183594,0.000488281,2584,0.000422043,0.000422043,0,0.000422043,0.000422043,131_138:0.00353072251605413;131_130:0.05493816685730907;131_132:0.002580486217835465,131_138:0.0024390105568714016;131_130:0.1505977456473599;131_132:0.0026081630494574626,131_138:68;131_130:68;131_132:68,TRUE,,0.003910947,,0.002972812,,
132,367.4220053,78.67663221,0.009277344,0.006835938,0.01171875,2584,0.000115749,0.000115749,0,0.000115749,0.000115749,132_133:0.002665136459277795;132_131:0.002580486217835465,132_133:0.001388333718673862;132_131:0.0026081630494574626,132_133:68;132_131:68,TRUE,,0.002835761,,0.002179095,,
133,317.7448718,304.4820831,0.010742188,0.016601563,0.004882813,2584,0.000442539,0.000442539,0,0.000442539,0.000442539,133_132:0.002665136459277795;133_134:0.004086540029346386;133_119:0.12605970888120505,133_132:0.001388333718673862;133_134:1;133_119:1,133_132:68;133_134:80;133_119:68,TRUE,,1,,0.003149104,,
134,386.3242789,151.878924,0.004638672,0.005371094,0.00390625,2584,0.000178106,0.000178106,0,0.000178106,0.000178106,134_133:0.004086540029346386;134_135:0.011493591731288777,134_133:1;134_135:0.004807803449198622,134_133:80;134_135:68,TRUE,,1,,0.008720407,,
135,404.7665837,85.43532518,0.069824219,0.043457031,0.096191406,2584,8.95123E-05,8.95123E-05,0,8.95123E-05,8.95123E-05,135_134:0.011493591731288777;135_139:0.0010016547980283286,135_134:0.004807803449198622;135_139:0.001646601680701465,135_134:68;135_139:68,TRUE,,0.001956389,,0.003743153,,
136,157.7669876,195.0683683,0.011230469,0.017089844,0.005371094,2584,0.000370907,0.000370907,0,0.000370907,0.000370907,136_123:0.005280942350040341;136_143:0.0025542731397207863,136_123:0.0025890731889742225;136_143:0.0015361872461629178,136_123:68;136_143:68,TRUE,,1,,0.008720407,,
137,163.6793459,35.65387095,0.013916016,0.0234375,0.004394531,2584,0.000525351,0.000525351,0,0.000525351,0.000525351,137_147:0.005560473091208551;137_127:0.0039573511853424614,137_147:0.003229634054272179;137_127:0.004156657779355866,137_147:68;137_127:68,TRUE,,0.006521051,,0.002461163,,
138,275.6495877,184.2223616,0.003662109,0.005371094,0.001953125,2584,0.000285063,0.000285063,0,0.000285063,0.000285063,138_151:0.0033805805715989012;138_131:0.00353072251605413,138_151:0.002489327651993084;138_131:0.0024390105568714016,138_151:68;138_131:68,TRUE,,0.006521051,,0.002461163,,
139,174.5280273,165.1344954,0.005615234,0.009765625,0.001464844,2584,0.000165388,0.000165388,0,0.000165388,0.000165388,139_155:1;139_135:0.0010016547980283286,139_155:0.03966360593726195;139_135:0.001646601680701465,139_155:80;139_135:68,TRUE,,0.00897714,,0.002648638,,
140,279.8379946,31.93270662,0.022460938,0.018554688,0.026367188,2584,0.000215388,0.000215388,0,0.000215388,0.000215388,140_141:0.004193913743856248,140_141:0.002878036238324444,140_141:68,TRUE,,0.006265325,,0.006490984,,
141,302.9777507,155.4706641,0.009033203,0.006835938,0.011230469,2584,0.000208286,0.000208286,0,0.000208286,0.000208286,141_140:0.004193913743856248;141_142:0.0021644235577686355,141_140:0.002878036238324444;141_142:0.0032919110396230633,141_140:68;141_142:68,TRUE,,0.00897714,,0.002648638,,
142,155.5696936,125.3628026,0.019042969,0.021972656,0.016113281,2584,0.000244208,0.000244208,0,0.000244208,0.000244208,142_143:0.002615164542868642;142_141:0.0021644235577686355,142_143:0.0024398122572588665;142_141:0.0032919110396230633,142_143:68;142_141:68,TRUE,,0.007361925,,0.003506136,,
143,171.1194894,50.16153475,0.012207031,0.013183594,0.011230469,2584,0.000274685,0.000274685,0,0.000274685,0.000274685,143_142:0.002615164542868642;143_144:0.005207367190878998;143_136:0.0025542731397207863,143_142:0.0024398122572588665;143_144:0.005837495162330619;143_136:0.0015361872461629178,143_142:68;143_144:68;143_136:68,TRUE,,0.00324347,,0.002792092,,
144,114.6477846,25.99233714,0.014892578,0.024902344,0.004882813,2584,0.000606923,0.000606923,0,0.000606923,0.000606923,144_145:0.004245803791978475;144_143:0.005207367190878998,144_145:0.0032040427437872443;144_143:0.005837495162330619,144_145:68;144_143:68,TRUE,,0.007361925,,0.003506136,,
145,134.562627,94.68269989,0.017578125,0.017089844,0.018066406,2584,0.000308963,0.000308963,0,0.000308963,0.000308963,145_144:0.004245803791978475;145_146:0.0024931066190962414,145_144:0.0032040427437872443;145_146:0.0027438894509668743,145_144:68;145_146:68,TRUE,,0.00324347,,0.002792092,,
146,162.0433643,82.67404225,0.013916016,0.016113281,0.01171875,2584,0.000158607,0.000158607,0,0.000158607,0.000158607,146_145:0.0024931066190962414;146_147:0.007016246781333502,146_145:0.0027438894509668743;146_147:0.0039460090336909115,146_145:68;146_147:68,TRUE,,0.004271666,,0.002577522,,
147,302.1856098,56.61551285,0.059570313,0.036132813,0.083007813,2584,0.000149808,0.000149808,0,0.000149808,0.000149808,147_148:0.003214506766860914;147_137:0.005560473091208551;147_146:0.007016246781333502,147_148:0.0019083497549253203;147_137:0.003229634054272179;147_146:0.0039460090336909115,147_148:68;147_137:68;147_146:68,TRUE,,0.003804379,,0.003402433,,
148,251.7407572,123.4518779,0.00390625,0.005859375,0.001953125,2584,0.000310135,0.000310135,0,0.000310135,0.000310135,148_147:0.003214506766860914;148_149:0.0020821468076450134,148_147:0.0019083497549253203;148_149:0.0018587535885420947,148_147:68;148_149:68,TRUE,,0.004271666,,0.002577522,,
149,192.3113124,55.90409385,0.008789063,0.016113281,0.001464844,2584,0.000189438,0.000189438,0,0.000189438,0.000189438,149_150:0.002709606933748776;149_148:0.0020821468076450134,149_150:0.0032977949551846186;149_148:0.0018587535885420947,149_150:68;149_148:68,TRUE,,0.004834084,,0.003312835,,
150,137.2000538,59.97956793,0.016601563,0.017578125,0.015625,2584,0.00026377,0.00026377,0,0.00026377,0.00026377,150_149:0.002709606933748776;150_151:0.0025617820638371702,150_149:0.0032977949551846186;150_151:0.006027757154312585,150_149:68;150_151:68,TRUE,,0.003434444,,0.004474798,,
151,238.0973243,93.39613772,0.090332031,0.056640625,0.124023438,2584,0.000269721,0.000269721,0,0.000269721,0.000269721,151_138:0.0033805805715989012;151_152:0.031320407856337495;151_150:0.0025617820638371702,151_138:0.002489327651993084;151_152:0.014718563522965328;151_150:0.006027757154312585,151_138:68;151_152:68;151_150:68,TRUE,,1,,0.006548286,,
152,332.8877818,243.1107673,0.005126953,0.002929688,0.007324219,2584,0.0003213,0.0003213,0,0.0003213,0.0003213,152_151:0.031320407856337495;152_153:0.0031268700552756767,152_151:0.014718563522965328;152_153:0.0019582515517164722,152_151:68;152_153:68,TRUE,,0.004834084,,0.003312835,,
153,243.1849209,283.9765873,0.076904297,0.047851563,0.105957031,2584,0.000122127,0.000122127,0,0.000122127,0.000122127,153_152:0.0031268700552756767;153_154:1,153_152:0.0019582515517164722;153_154:0.004617836137980613,153_152:68;153_154:68,TRUE,,0.003434444,,0.004474798,,
154,252.5106109,12.92854203,0.015136719,0.014648438,0.015625,2584,0.000213653,0.000213653,0,0.000213653,0.000213653,154_153:1;154_155:0.0025745697906884857,154_153:0.004617836137980613;154_155:0.0019142742598926843,154_153:68;154_155:68,TRUE,,0.00346097,,0.003572727,,
155,407.7583532,117.031948,0.007568359,0.013183594,0.001953125,2584,0.000127916,0.000127916,0,0.000127916,0.000127916,155_139:1;155_154:0.0025745697906884857,155_139:0.03966360593726195;155_154:0.0019142742598926843,155_139:80;155_154:68,TRUE,,0.003218033,,0.005352242,,
,,,,,,,,,,,,,,,,,0.00346097,,0.003572727,,
,,,,,,,,,,,,,,,,,0.002747368,,0.002765961,,
,,,,,,,,,,,,,,,,,0.002747368,,0.002765961,,
,198.5996906,139.5074795,,,,,,,,,,,,,,,0.002983654,,0.002594232,,
,,,,,,,,,,,,,,,,,0.006546216,,0.004293913,,
,,,,,,,,,,,,,,,,,1,,0.002803451,,
,,,,,,,,,,,,,,,,,0.002983654,,0.002594232,,
,,,,,,,,,,,,,,,,,0.037427788,,0.073077646,,
,,,,,,,,,,,,,,,,,0.006546216,,0.004293913,,
,,,,,,,,,,,,,,,,,0.037427788,,0.073077646,,
,,,,,,,,,,,,,,,,,0.003374984,,0.004155011,,
,,,,,,,,,,,,,,,,,0.00279334,,0.002791672,,
,,,,,,,,,,,,,,,,,0.003374984,,0.004155011,,
,,,,,,,,,,,,,,,,,0.002662271,,0.002528232,,
,,,,,,,,,,,,,,,,,1,,0.003149104,,
,,,,,,,,,,,,,,,,,0.002662271,,0.002528232,,
,,,,,,,,,,,,,,,,,0.003374244,,0.003527977,,
,,,,,,,,,,,,,,,,,0.001956389,,0.003743153,,
,,,,,,,,,,,,,,,,,0.002916233,,0.003885484,,
,,,,,,,,,,,,,,,,,0.003804379,,0.003402433,,
,,,,,,,,,,,,,,,,,0.003218033,,0.005352242,,
,,,,,,,,,,,,,,,,,0.002521508,,0.003375764,,
,,,,,,,,,,,,,,,,,0.001971178,,0.002446544,,
,,,,,,,,,,,,,,,,,0.00279334,,0.002791672,,
,,,,,,,,,,,,,,,,,0.003229092,,0.003782253,,
,,,,,,,,,,,,,,,,,0.003229092,,0.003782253,,
,,,,,,,,,,,,,,,,,1,,1,,
,,,,,,,,,,,,,,,,,0.003374244,,0.003527977,,
,,,,,,,,,,,,,,,,,1,,1,,
,,,,,,,,,,,,,,,,,1,,1,,
,,,,,,,,,,,,,,,,,0.003635314,,0.003013407,,
,,,,,,,,,,,,,,,,,1,,1,,
,,,,,,,,,,,,,,,,,0.003878058,,0.004523742,,
,,,,,,,,,,,,,,,,,0.003878058,,0.004523742,,
,,,,,,,,,,,,,,,,,0.006110505,,0.005156649,,
,,,,,,,,,,,,,,,,,0.002916233,,0.003885484,,
,,,,,,,,,,,,,,,,,0.005690474,,0.0049959,,
,,,,,,,,,,,,,,,,,0.006110505,,0.005156649,,
,,,,,,,,,,,,,,,,,0.005690474,,0.0049959,,
,,,,,,,,,,,,,,,,,1,,0.002737194,,
,,,,,,,,,,,,,,,,,1,,0.002737194,,
,,,,,,,,,,,,,,,,,0.00263446,,0.001929885,,
,,,,,,,,,,,,,,,,,0.002620982,,0.002626957,,
,,,,,,,,,,,,,,,,,0.00263446,,0.001929885,,
,,,,,,,,,,,,,,,,,0.00511479,,0.001747398,,
,,,,,,,,,,,,,,,,,0.002278186,,0.00409119,,
,,,,,,,,,,,,,,,,,0.00511479,,0.001747398,,
,,,,,,,,,,,,,,,,,0.002521508,,0.003375764,,
,,,,,,,,,,,,,,,,,0.002278186,,0.00409119,,
,,,,,,,,,,,,,,,,,0.002460819,,0.002955044,,
,,,,,,,,,,,,,,,,,0.00151844,,0.001748116,,
,,,,,,,,,,,,,,,,,0.002460819,,0.002955044,,
,,,,,,,,,,,,,,,,,0.002690288,,0.002881639,,
,,,,,,,,,,,,,,,,,0.002690288,,0.002881639,,
,,,,,,,,,,,,,,,,,0.002624011,,0.006873563,,
,,,,,,,,,,,,,,,,,0.001717782,,0.002070199,,
,,,,,,,,,,,,,,,,,0.001971178,,0.002446544,,
,,,,,,,,,,,,,,,,,0.002624011,,0.006873563,,
,,,,,,,,,,,,,,,,,0.001717782,,0.002070199,,
,,,,,,,,,,,,,,,,,0.002906904,,0.005303258,,
,,,,,,,,,,,,,,,,,0.0065104,,0.003671107,,
,,,,,,,,,,,,,,,,,0.002906904,,0.005303258,,
,,,,,,,,,,,,,,,,,0.003635314,,0.003013407,,
,,,,,,,,,,,,,,,,,0.006854135,,0.006223769,,
,,,,,,,,,,,,,,,,,0.002620982,,0.002626957,,
,,,,,,,,,,,,,,,,,0.003333073,,0.002637292,,
,,,,,,,,,,,,,,,,,0.00151844,,0.001748116,,
,,,,,,,,,,,,,,,,,0.00295396,,0.002134684,,
,,,,,,,,,,,,,,,,,0.002123232,,0.002653014,,
,,,,,,,,,,,,,,,,,0.0065104,,0.003671107,,
,,,,,,,,,,,,,,,,,0.004435351,,0.004917862,,
,,,,,,,,,,,,,,,,,0.004435351,,0.004917862,,
,,,,,,,,,,,,,,,,,0.006108909,,0.004355844,,
,,,,,,,,,,,,,,,,,1,,0.007251615,,
,,,,,,,,,,,,,,,,,1,,0.007251615,,
,,,,,,,,,,,,,,,,,1,,0.006941196,,
,,,,,,,,,,,,,,,,,1,,0.004501164,,
,,,,,,,,,,,,,,,,,0.006854135,,0.006223769,,
,,,,,,,,,,,,,,,,,1,,0.006941196,,
,,,,,,,,,,,,,,,,,1,,0.004501164,,
,,,,,,,,,,,,,,,,,0.002416433,,0.002935826,,
,,,,,,,,,,,,,,,,,0.002416433,,0.002935826,,
,,,,,,,,,,,,,,,,,0.002041165,,0.004535309,,
,,,,,,,,,,,,,,,,,0.008000425,,0.003520577,,
,,,,,,,,,,,,,,,,,0.002327901,,0.005934697,,
,,,,,,,,,,,,,,,,,0.002041165,,0.004535309,,
,,,,,,,,,,,,,,,,,0.002327901,,0.005934697,,
,,,,,,,,,,,,,,,,,0.004076726,,0.003675352,,
,,,,,,,,,,,,,,,,,0.003333073,,0.002637292,,
,,,,,,,,,,,,,,,,,0.004076726,,0.003675352,,
,,,,,,,,,,,,,,,,,0.003143103,,0.003469768,,
,,,,,,,,,,,,,,,,,0.003143103,,0.003469768,,
,,,,,,,,,,,,,,,,,0.001470084,,0.00157972,,
,,,,,,,,,,,,,,,,,1,,0.003623678,,
,,,,,,,,,,,,,,,,,0.001470084,,0.00157972,,
,,,,,,,,,,,,,,,,,0.001889433,,0.00198815,,
,,,,,,,,,,,,,,,,,0.002306317,,0.002695209,,
,,,,,,,,,,,,,,,,,0.001889433,,0.00198815,,
,,,,,,,,,,,,,,,,,0.00295396,,0.002134684,,
,,,,,,,,,,,,,,,,,0.002306317,,0.002695209,,
,,,,,,,,,,,,,,,,,0.02025,,1,,
,,,,,,,,,,,,,,,,,1,,1,,
,,,,,,,,,,,,,,,,,0.02025,,1,,
,,,,,,,,,,,,,,,,,0.02025,,1,,
,,,,,,,,,,,,,,,,,0.002296455,,0.002234534,,
,,,,,,,,,,,,,,,,,0.02025,,1,,
,,,,,,,,,,,,,,,,,0.002123232,,0.002653014,,
,,,,,,,,,,,,,,,,,0.002296455,,0.002234534,,
,,,,,,,,,,,,,,,,,0.006108909,,0.004355844,,
,,,,,,,,,,,,,,,,,0.003372867,,0.004535251,,
,,,,,,,,,,,,,,,,,0.008000425,,0.003520577,,
,,,,,,,,,,,,,,,,,0.004068494,,0.004109012,,
,,,,,,,,,,,,,,,,,1,,0.003623678,,
,,,,,,,,,,,,,,,,,1,,0.003507896,,
,,,,,,,,,,,,,,,,,1,,1,,
,,,,,,,,,,,,,,,,,1,,0.126059709,,
,,,,,,,,,,,,,,,,,0.003335752,,0.004021685,,
,,,,,,,,,,,,,,,,,0.003335752,,0.004021685,,
,,,,,,,,,,,,,,,,,0.002930421,,0.005189195,,
,,,,,,,,,,,,,,,,,0.003372867,,0.004535251,,
,,,,,,,,,,,,,,,,,0.002930421,,0.005189195,,
,,,,,,,,,,,,,,,,,0.00324365,,0.005736575,,
,,,,,,,,,,,,,,,,,0.002589073,,0.005280942,,
,,,,,,,,,,,,,,,,,0.003480519,,0.011971356,,
,,,,,,,,,,,,,,,,,0.00324365,,0.005736575,,
,,,,,,,,,,,,,,,,,0.003480519,,0.011971356,,
,,,,,,,,,,,,,,,,,0.002414446,,0.008237787,,
,,,,,,,,,,,,,,,,,0.004068494,,0.004109012,,
,,,,,,,,,,,,,,,,,0.002414446,,0.008237787,,
,,,,,,,,,,,,,,,,,0.00538306,,0.003880701,,
,,,,,,,,,,,,,,,,,1,,0.007417786,,
,,,,,,,,,,,,,,,,,0.00538306,,0.003880701,,
,,,,,,,,,,,,,,,,,1,,0.007417786,,
,,,,,,,,,,,,,,,,,0.00236829,,0.002513671,,
,,,,,,,,,,,,,,,,,0.004156658,,0.003957351,,
,,,,,,,,,,,,,,,,,0.00236829,,0.002513671,,
,,,,,,,,,,,,,,,,,0.002705299,,0.002505489,,
,,,,,,,,,,,,,,,,,0.109291565,,1,,
,,,,,,,,,,,,,,,,,0.002705299,,0.002505489,,
,,,,,,,,,,,,,,,,,1,,0.003507896,,
,,,,,,,,,,,,,,,,,0.109291565,,1,,
,,,,,,,,,,,,,,,,,0.150597746,,0.054938167,,
,,,,,,,,,,,,,,,,,0.002439011,,0.003530723,,
,,,,,,,,,,,,,,,,,0.150597746,,0.054938167,,
,,,,,,,,,,,,,,,,,0.002608163,,0.002580486,,
,,,,,,,,,,,,,,,,,0.001388334,,0.002665136,,
,,,,,,,,,,,,,,,,,0.002608163,,0.002580486,,
,,,,,,,,,,,,,,,,,0.001388334,,0.002665136,,
,,,,,,,,,,,,,,,,,1,,0.00408654,,
,,,,,,,,,,,,,,,,,1,,0.126059709,,
,,,,,,,,,,,,,,,,,1,,0.00408654,,
,,,,,,,,,,,,,,,,,0.004807803,,0.011493592,,
,,,,,,,,,,,,,,,,,0.004807803,,0.011493592,,
,,,,,,,,,,,,,,,,,0.001646602,,0.001001655,,
,,,,,,,,,,,,,,,,,0.002589073,,0.005280942,,
,,,,,,,,,,,,,,,,,0.001536187,,0.002554273,,
,,,,,,,,,,,,,,,,,0.003229634,,0.005560473,,
,,,,,,,,,,,,,,,,,0.004156658,,0.003957351,,
,,,,,,,,,,,,,,,,,0.002489328,,0.003380581,,
,,,,,,,,,,,,,,,,,0.002439011,,0.003530723,,
,,,,,,,,,,,,,,,,,0.039663606,,1,,
,,,,,,,,,,,,,,,,,0.001646602,,0.001001655,,
,,,,,,,,,,,,,,,,,0.002878036,,0.004193914,,
,,,,,,,,,,,,,,,,,0.002878036,,0.004193914,,
,,,,,,,,,,,,,,,,,0.003291911,,0.002164424,,
,,,,,,,,,,,,,,,,,0.002439812,,0.002615165,,
,,,,,,,,,,,,,,,,,0.003291911,,0.002164424,,
,,,,,,,,,,,,,,,,,0.002439812,,0.002615165,,
,,,,,,,,,,,,,,,,,0.005837495,,0.005207367,,
,,,,,,,,,,,,,,,,,0.001536187,,0.002554273,,
,,,,,,,,,,,,,,,,,0.003204043,,0.004245804,,
,,,,,,,,,,,,,,,,,0.005837495,,0.005207367,,
,,,,,,,,,,,,,,,,,0.003204043,,0.004245804,,
,,,,,,,,,,,,,,,,,0.002743889,,0.002493107,,
,,,,,,,,,,,,,,,,,0.002743889,,0.002493107,,
,,,,,,,,,,,,,,,,,0.003946009,,0.007016247,,
,,,,,,,,,,,,,,,,,0.00190835,,0.003214507,,
,,,,,,,,,,,,,,,,,0.003229634,,0.005560473,,
,,,,,,,,,,,,,,,,,0.003946009,,0.007016247,,
,,,,,,,,,,,,,,,,,0.00190835,,0.003214507,,
,,,,,,,,,,,,,,,,,0.001858754,,0.002082147,,
,,,,,,,,,,,,,,,,,0.003297795,,0.002709607,,
,,,,,,,,,,,,,,,,,0.001858754,,0.002082147,,
,,,,,,,,,,,,,,,,,0.003297795,,0.002709607,,
,,,,,,,,,,,,,,,,,0.006027757,,0.002561782,,
,,,,,,,,,,,,,,,,,0.002489328,,0.003380581,,
,,,,,,,,,,,,,,,,,0.014718564,,0.031320408,,
,,,,,,,,,,,,,,,,,0.006027757,,0.002561782,,
,,,,,,,,,,,,,,,,,0.014718564,,0.031320408,,
,,,,,,,,,,,,,,,,,0.001958252,,0.00312687,,
,,,,,,,,,,,,,,,,,0.001958252,,0.00312687,,
,,,,,,,,,,,,,,,,,0.004617836,,1,,
,,,,,,,,,,,,,,,,,0.004617836,,1,,
,,,,,,,,,,,,,,,,,0.001914274,,0.00257457,,
,,,,,,,,,,,,,,,,,0.039663606,,1,,
,,,,,,,,,,,,,,,,,0.001914274,,0.00257457,,
,,,,,,,,,,,,,,,,,,,,,
,,,,,,,,,,,,,,,,,0.150597746,,0.003485036,,
