Qubit,,T1 (us),T2 (us),Readout assignment error,Prob meas0 prep1,Prob meas1 prep0,Readout length (ns),ID error,Single-qubit gate length (ns),RX error,Z-axis rotation (rz) error,âˆšx (sx) error,Pauli-X error,CZ error,Gate length (ns),RZZ error,Operational
0,,67.41001195830631,117.23199050619795,0.006469727,0.009765625,0.001953125,2584,0.000296635,32,0.000296635,0,0.000296635,0.000296635,01:00.0,0.102777778,01:00.1,Yes
1,,322.15841097814297,319.71857368401106,0.006958008,0.00390625,0.001953125,2584,,32,,0,,,2:0.01136384543548244;0:0.028453397015905685,2:88;0:88,2:0.0033359649655100576;0:0.0796485795832596,Yes
2,,280.8424417080751,293.07498905590927,0.003051758,0.004394531,0.000488281,2584,0.000147326,32,0.000147326,0,0.000147326,0.000147326,1:0.01136384543548244;3:0.001188331741160481,1:88;3:88,1:0.0033359649655100576;3:0.002384231019553068,Yes
3,,342.0514855954886,287.8615086317161,0.004150391,0.004394531,0.00390625,2584,0.000173355,32,0.000173355,0,0.000173355,0.000173355,16:0.001435527930517877;2:0.001188331741160481;4:0.0014734176693896317,16:88;2:88;4:88,2:0.002384231019553068;4:0.0018349124568714514,Yes
4,,335.7661690442226,287.85067000374653,0.003417969,0.008300781,0.000976563,2584,0.000488276,32,0.000488276,0,0.000488276,0.000488276,3:0.0014734176693896317;5:0.0030658762232131653,3:88;5:88,03:00.0,Yes
5,,358.4731063972615,369.27230594137586,0.005493164,0.008300781,0.000976563,2584,0.000158232,32,0.000158232,0,0.000158232,0.000158232,6:0.002227384862054843;4:0.0030658762232131653,6:88;4:88,06:00.0,Yes
6,,157.23044954075172,179.31338792757845,0.010253906,0.044921875,0.004394531,2584,0.000431352,32,0.000431352,0,0.000431352,0.000431352,5:0.002227384862054843;7:0.003613898972388202,5:88;7:88,5:0.002544809494299277;7:0.001336118381766782,Yes
7,,308.90048204717186,292.3120535,0.003173828,0.006347656,0,2584,0.000226857,32,0.000226857,0,0.000226857,0.000226857,17:0.0022065044916043386;6:0.003613898972388202;8:0.0016053272079146197,17:88;6:88;8:88,17:0.0009706617132326789;6:0.001336118381766782;8:0.007750486498849157,Yes
8,,272.5262988570104,360.4879072,0.006835938,0.0078125,0.000976563,2584,0.000492047,32,0.000492047,0,0.000492047,0.000492047,9:0.006473497516692517;7:0.0016053272079146197,9:88;7:88,07:00.0,Yes
9,,270.5658196477329,305.6364982141996,0.104614258,0.141601563,0.005859375,2584,0.000659864,32,0.000659864,0,0.000659864,0.000659864,8:0.006473497516692517;10:0.0025183075351058737,8:88;10:88,10:00.0,Yes
10,,308.5523326401096,469.23461763534914,0.003295898,0.0078125,0.002441406,2584,0.00016361,32,0.00016361,0,0.00016361,0.00016361,9:0.0025183075351058737;11:0.0010464518557963542,9:88;11:88,9:0.004301166187930305;11:0.0016619489558327982,Yes
11,,201.26629392597823,289.3273986228517,0.003295898,0.007324219,0.000488281,2584,0.000191393,32,0.000191393,0,0.000191393,0.000191393,18:0.0009412793366137262;10:0.0010464518557963542;12:0.0013526251473236217,18:88;10:88;12:88,18:0.001960078817182631;10:0.0016619489558327982;12:0.0017508353849161884,Yes
12,,339.3688330144593,344.8656740374066,0.000976563,0.001953125,0,2584,0.000250845,32,0.000250845,0,0.000250845,0.000250845,13:0.0011582298002434932;11:0.0013526251473236217,13:88;11:88,13:0.0009821763297531427;11:0.0017508353849161884,Yes
13,,336.8224365259109,405.3692272511627,0.002929688,0.005859375,0.000976563,2584,0.000232867,32,0.000232867,0,0.000232867,0.000232867,12:0.0011582298002434932;14:0.002710442006433722,12:88;14:88,12:0.0009821763297531427;14:0.0023045503156516045,Yes
14,,283.0265432857207,313.736216,0.002563477,0.004882813,0.000976563,2584,0.000439925,32,0.000439925,0,0.000439925,0.000439925,15:0.0013093461652910476;13:0.002710442006433722,15:88;13:88,13:00.0,Yes
15,,298.68662974421255,268.77973532375023,0.005371094,0.002441406,0.004394531,2584,,32,,0,,,14:0.0013093461652910476;19:0.0014264158137357597,14:88;19:88,19:00.0,Yes
16,,279.0433938352762,399.6367077145741,0.002563477,0.002929688,0.001953125,2584,0.000318347,32,0.000318347,0,0.000318347,0.000318347,23:0.009397856745242628;3:0.001435527930517877,23:88;3:88,23:00.0,Yes
17,,298.4321772805189,297.75035201406735,0.002441406,0.009277344,0,2584,0.000175842,32,0.000175842,0,0.000175842,0.000175842,7:0.0022065044916043386;27:0.0017714096907693044,7:88;27:88,7:0.0009706617132326789;27:0.002449316841216548,Yes
18,,259.7004047106175,334.7224460727501,0.002197266,0.003417969,0.000488281,2584,0.000214802,32,0.000214802,0,0.000214802,0.000214802,11:0.0009412793366137262;31:0.029244297674290487,11:88;31:88,11:0.001960078817182631;31:0.07773839037785435,Yes
19,,353.15216281510857,581.2091739297216,0.003540039,0.0078125,0,2584,0.00020918,32,0.00020918,0,0.00020918,0.00020918,35:0.0010690754279799874;15:0.0014264158137357597,35:88;15:88,35:0.0007771878025195911;15:0.003102624056836839,Yes
20,,335.8837188501718,582.7802916767243,0.004394531,0.001464844,0.000488281,2584,0.000156421,32,0.000156421,0,0.000156421,0.000156421,21:00.0,0.936111111,21:00.0,Yes
21,,335.5072159543582,319.91825676190246,0.006835938,0.004882813,0.001953125,2584,0.000103779,32,0.000103779,0,0.000103779,0.000103779,36:0.01141251518945835;20:0.014898892873059733;22:0.004515508195459567,36:88;20:88;22:88,36:0.009454692710111845;20:0.00463512162995669;22:0.0022712704203023404,Yes
22,,281.8924237337899,385.5435489277423,0.018676758,0.018066406,0.019042969,2584,7.3636E-05,32,7.3636E-05,0,7.3636E-05,7.3636E-05,23:0.01642191341076399;21:0.004515508195459567,23:88;21:88,23:0.014472178996427276;21:0.0022712704203023404,Yes
23,,352.1635108030804,207.54955014956374,0.104614258,0.228027344,0.102539063,2584,0.007258223,32,0.007258223,0,0.007258223,0.007258223,22:0.01642191341076399;24:0.008783086802623491;16:0.009397856745242628,22:88;24:88;16:88,22:0.014472178996427276;24:0.013289533050148516;16:0.024911869221671906,Yes
24,,232.4700102304853,263.51781863276943,0.002807617,0.0078125,0.000488281,2584,0.00031145,32,0.00031145,0,0.00031145,0.00031145,23:0.008783086802623491;25:0.00219831032012599,23:88;25:88,23:0.013289533050148516;25:0.0032989072351367887,Yes
25,,341.70660245950546,495.67777405135524,0.09387207,0.174804688,0.0078125,2584,7.65806E-05,32,7.65806E-05,0,7.65806E-05,7.65806E-05,24:0.00219831032012599;26:0.001524422746981613;37:0.0018794770863891641,24:88;26:88;37:88,24:0.0032989072351367887;26:0.0031492822924685526;37:0.0022197245320199344,Yes
26,,298.8171325392878,414.1587477038011,0.005004883,0.004882813,0.000488281,2584,0.000860907,32,0.000860907,0,0.000860907,0.000860907,25:0.001524422746981613;27:0.0014588987709763523,25:88;27:88,25:0.0031492822924685526;27:0.0004464654187926187,Yes
27,,353.50558714329037,293.45773095809864,0.002929688,0.002929688,0.002441406,2584,0.000138195,32,0.000138195,0,0.000138195,0.000138195,26:0.0014588987709763523;28:0.001004863564684877;17:0.0017714096907693044,26:88;28:88;17:88,26:0.0004464654187926187;28:0.0026053304083744344;17:0.002449316841216548,Yes
28,,132.13959281895066,170.02210831855928,0.003173828,0.006835938,0.000488281,2584,0.000163768,32,0.000163768,0,0.000163768,0.000163768,27:0.001004863564684877;29:0.0011815251910108904,27:88;29:88,27:0.0026053304083744344;29:0.002352637603846436,Yes
29,,310.7950522685578,290.3272862265947,0.003051758,0.003417969,0.002929688,2584,0.000175229,32,0.000175229,0,0.000175229,0.000175229,38:0.0015921398968787026;28:0.0011815251910108904;30:0.0015883512005609446,38:88;28:88;30:88,38:0.0035838143384734344;28:0.002352637603846436,Yes
30,,257.63414510133015,302.02040611452935,0.004760742,0.007324219,0.00390625,2584,0.000663227,32,0.000663227,0,0.000663227,0.000663227,31:0.09509025113326547;29:0.0015883512005609446,31:88;29:88,31:00.2,Yes
31,,14.734551212952105,32.67119517915899,0.015869141,0.177246094,0.001953125,2584,0.002914761,32,0.002914761,0,0.002914761,0.002914761,30:0.09509025113326547;18:0.029244297674290487,30:88;32:88;18:88,30:0.19400049246595732;18:0.07773839037785435,Yes
32,,351.88300492651683,554.8037102844481,0.002929688,0.005371094,0.000976563,2584,0.000233203,32,0.000233203,0,0.000233203,0.000233203,33:00.0,31:88;33:88,33:00.0,Yes
33,,358.7813260641878,332.2467314688925,0.003051758,0.007324219,0.000976563,2584,0.000347266,32,0.000347266,0,0.000347266,0.000347266,39:0.003170963296969642;32:0.0014180030656782416;34:0.0021246697788457614,39:88;32:88;34:88,39:0.001706576173455543;32:0.0015935736488811858,Yes
34,,255.7786501086713,306.00613693745134,0.05859375,0.077636719,0.052246094,2584,,32,,0,,,33:0.0021246697788457614;35:0.005385334736357689,33:88;35:88,,Yes
35,,321.6028250285038,464.4470909192001,0.002197266,0.011230469,0.001953125,2584,0.000129584,32,0.000129584,0,0.000129584,0.000129584,19:0.0010690754279799874;34:0.005385334736357689,19:88;34:88,19:00.0,Yes
36,,6.563425043553347,12.997770806560597,0.03527832,0.075683594,0.005371094,2584,0.001870256,32,0.001870256,0,0.001870256,0.001870256,41:0.0090891358796375;21:0.01141251518945835,41:88;21:88,41:0.01871430236268068;21:0.009454692710111845,Yes
37,,273.2502342367514,395.64240578866384,0.002441406,0.00390625,0.000488281,2584,,32,,0,,,45:0.0016365378671164554;25:0.0018794770863891641,45:88;25:88,45:0.001577219671813096;25:0.0022197245320199344,Yes
38,,175.27380879527482,266.6535048090416,0.002685547,0.005859375,0.000976563,2584,0.000109942,32,0.000109942,0,0.000109942,0.000109942,29:0.0015921398968787026;49:0.0020959860435587896,29:88;49:88,29:0.0035838143384734344;49:0.0018829796312073988,Yes
39,,243.64012232093768,303.1467462800671,0.139526367,0.143554688,0.145996094,2584,0.000144825,32,0.000144825,0,0.000144825,0.000144825,53:0.0008740608524928917;33:0.003170963296969642,53:88;33:88,53:0.0012287840613963152;33:0.001706576173455543,Yes
40,,244.97991905340763,445.62851158122265,0.001953125,0.003417969,0.000488281,2584,0.000213375,32,0.000213375,0,0.000213375,0.000213375,41:00.0,41:88,41:00.0,Yes
41,,343.90617093648893,496.70776094594174,0.00402832,0.008789063,0.000976563,2584,0.000194654,32,0.000194654,0,0.000194654,0.000194654,40:0.0023490368255586203;42:0.0014369613779534607;36:0.0090891358796375,40:88;42:88;36:88,40:0.001870225762745037;42:0.0019929347579831502;36:0.01871430236268068,Yes
42,,236.8327887837339,291.46419126078206,0.002563477,0.00390625,0.000488281,2584,,32,,0,,,41:0.0014369613779534607;43:0.0023405596500138404,41:88;43:88,41:0.0019929347579831502;43:0.004840392110129571,Yes
43,,295.4365202227184,392.4354704310703,0.005859375,0.004882813,0.002441406,2584,0.00031843,32,0.00031843,0,0.00031843,0.00031843,42:0.0023405596500138404;56:0.006532441576795306;44:0.0012903255594446106,42:88;56:88;44:88,42:0.004840392110129571;44:0.001556340837824105,Yes
44,,306.25887733814653,355.09326895777093,0.007324219,0.008789063,0,2584,0.000302543,32,0.000302543,0,0.000302543,0.000302543,45:0.0012429623109455057;43:0.0012903255594446106,45:88;43:88,45:0.0010342236089096457;43:0.001556340837824105,Yes
45,,367.99234330935104,430.21927143602966,0.004516602,0.001953125,0.00390625,2584,0.000149453,32,0.000149453,0,0.000149453,0.000149453,44:0.0012429623109455057;46:0.001893821894797948;37:0.0016365378671164554,44:88;46:88;37:88,44:0.0010342236089096457;46:0.001570168269346417;37:0.001577219671813096,Yes
46,,322.29473514380453,339.68002126952325,0.00378418,0.009765625,0.000488281,2584,0.000154678,32,0.000154678,0,0.000154678,0.000154678,45:0.001893821894797948;47:0.004395403785109497,45:88;47:88,45:00.0,Yes
47,,357.44351025904234,353.2922889946465,0.00378418,0.00390625,0.001953125,2584,0.000128785,32,0.000128785,0,0.000128785,0.000128785,48:0.0023196450828934234;57:0.0021807701129477886;46:0.004395403785109497,48:88;57:88;46:88,48:00.0,Yes
48,,324.3706761531188,437.1074332833246,0.003051758,0.002441406,0.002441406,2584,0.000287564,32,0.000287564,0,0.000287564,0.000287564,47:0.0023196450828934234;49:0.0017232628402943928,47:88;49:88,47:0.0020710953207007665;49:0.0021167988182049235,Yes
49,,333.9582098373736,467.8563789442493,0.002685547,0.002441406,0,2584,0.000339778,32,0.000339778,0,0.000339778,0.000339778,48:0.0017232628402943928;50:0.0024694345588761046;38:0.0020959860435587896,48:88;50:88;38:88,48:0.0021167988182049235;50:0.008074915345052308;38:0.0018829796312073988,Yes
50,,168.44990483156658,245.8928098591513,0.111450195,0.126464844,0.117675781,2584,0.000182408,32,0.000182408,0,0.000182408,0.000182408,49:0.0024694345588761046;51:0.0021163868914624573,49:88;51:88,49:0.008074915345052308;51:0.0022846474333285682,Yes
51,,406.92725580547767,391.69306715965786,0.003417969,0.005371094,0.00390625,2584,0.000323065,32,0.000323065,0,0.000323065,0.000323065,50:0.0021163868914624573;52:0.0011324032775406334;58:0.0021604607615196003,50:88;52:88;58:88,50:0.0022846474333285682;52:0.002625598268578583;58:0.003238707444343847,Yes
52,,264.31312497073236,308.79023512794384,0.005981445,0.001953125,0.000488281,2584,0.000152049,32,0.000152049,0,0.000152049,0.000152049,51:0.0011324032775406334;53:0.0015164183457900826,51:88;53:88,51:00.0,Yes
53,,385.21576105369826,427.72278014368703,0.012329102,0.024414063,0.01171875,2584,0.000166014,32,0.000166014,0,0.000166014,0.000166014,39:0.0008740608524928917;52:0.0015164183457900826;54:0.0011043116515456752,39:88;52:88;54:88,39:0.0012287840613963152;54:0.002090831585177866,Yes
54,,319.2459444241149,453.7553191,0.001708984,0.002441406,0.000488281,2584,0.000335092,32,0.000335092,0,0.000335092,0.000335092,53:0.0011043116515456752;55:0.0012423207938673797,53:88;55:88,53:0.002090831585177866;55:0.0011345319486122385,Yes
55,,78.32490376,98.03900449261839,0.001708984,0.002929688,0.000976563,2584,0.000180946,32,0.000180946,0,0.000180946,0.000180946,59:0.0012530555953561007;54:0.0012423207938673797,59:88;54:88,59:0.0026233116550941626;54:0.0011345319486122385,Yes
56,,365.1803083255011,453.86080771966374,0.00390625,0.006835938,0.002929688,2584,,32,,0,,,43:00.0,63:88;43:88,,Yes
57,,62.96416395653519,117.75711491015804,0.005493164,0.012695313,0.000976563,2584,0.000249192,32,0.000249192,0,0.000249192,0.000249192,47:0.0021807701129477886;67:0.002474842319823395,47:88;67:88,07:00.0,Yes
58,,293.84096722833084,307.6402514781684,0.004150391,0.006835938,0.001464844,2584,0.000161738,32,0.000161738,0,0.000161738,0.000161738,71:0.001597789766094676;51:0.0021604607615196003,71:88;51:88,51:00.0,Yes
59,,315.5251969952181,384.3845215023148,0.001831055,0.004394531,0.000976563,2584,0.000505474,32,0.000505474,0,0.000505474,0.000505474,55:0.0012530555953561007;75:0.0026398109512889567,55:88;75:88,55:0.0026233116550941626;75:0.0015968097294449812,Yes
60,,308.29439673665723,445.78710940574103,0.001708984,0.004394531,0.000488281,2584,,32,,0,,,01:00.0,61:88,01:00.0,Yes
61,,291.36642007116626,335.2111093774555,0.002197266,0.006835938,0.000488281,2584,0.000114378,32,0.000114378,0,0.000114378,0.000114378,76:0.0014399540841051883;60:0.0020462442283644133;62:0.0016907210818330742,76:88;60:88;62:88,76:0.002477295970757548;60:0.003122456921402117;62:0.0012997022967816407,Yes
62,,319.0321997384323,440.18406499020375,0.001708984,0.003417969,0,2584,7.929E-05,32,7.929E-05,0,7.929E-05,7.929E-05,61:0.0016907210818330742;63:0.0010989260862390438,61:88;63:88,61:0.0012997022967816407;63:0.0017165517903107996,Yes
63,,314.77808287923136,529.9920690667259,0.005004883,0.01171875,0.000488281,2584,,32,,0,,,62:0.0010989260862390438;64:0.001337919393175624,56:88;62:88;64:88,62:0.0017165517903107996;64:0.002044000841050053,Yes
64,,320.41107423520043,430.72761697562714,0.001831055,0.001953125,0.002441406,2584,0.000151368,32,0.000151368,0,0.000151368,0.000151368,65:0.001491402836847705;63:0.001337919393175624,65:88;63:88,65:0.0028123482263823774;63:0.002044000841050053,Yes
65,,206.9774581566243,241.65369915388538,0.005615234,0.004394531,0.000488281,2584,0.000425719,32,0.000425719,0,0.000425719,0.000425719,64:0.001491402836847705;66:0.0015448721147380828;77:0.0020697182242998824,64:88;66:88;77:88,64:0.0028123482263823774;66:0.0010093859618315049;77:0.0034308965795644686,Yes
66,,340.97728614551824,354.5088809879377,0.00378418,0.013183594,0.000488281,2584,0.000494018,32,0.000494018,0,0.000494018,0.000494018,65:0.0015448721147380828;67:0.0012661315821843322,65:88;67:88,65:0.0010093859618315049;67:0.0015921616879902845,Yes
67,,330.38765097233585,292.03148365488414,0.010253906,0.014648438,0.006835938,2584,0.000225319,32,0.000225319,0,0.000225319,0.000225319,68:0.0011475709955300617;57:0.002474842319823395;66:0.0012661315821843322,68:88;57:88;66:88,68:0.0008699986428575557;57:0.0020727243745344015;66:0.0015921616879902845,Yes
68,,326.5448215329446,330.5554746022533,0.001831055,0.004394531,0.000976563,2584,0.000330535,32,0.000330535,0,0.000330535,0.000330535,67:0.0011475709955300617;69:0.0009825085386963583,67:88;69:88,67:0.0008699986428575557;69:0.0015642233728541677,Yes
69,,288.58282171897645,280.3983850462485,0.011230469,0.006347656,0.010253906,2584,0.000221925,32,0.000221925,0,0.000221925,0.000221925,78:0.0035079239473871926;68:0.0009825085386963583;70:0.0010565710368766745,78:88;68:88;70:88,78:0.0025096683165955758;68:0.0015642233728541677;70:0.0024717174793472685,Yes
70,,321.8921698627022,305.7237929432774,0.003295898,0.002441406,0.001464844,2584,0.000207026,32,0.000207026,0,0.000207026,0.000207026,69:0.0010565710368766745;71:0.0017710280590052807,69:88;71:88,09:00.0,Yes
71,,363.73612305965855,324.2246668588725,0.005004883,0.004882813,0.004394531,2584,0.000198746,32,0.000198746,0,0.000198746,0.000198746,72:0.0022537724596742303;58:0.001597789766094676;70:0.0017710280590052807,72:88;58:88;70:88,12:00.0,Yes
72,,329.05379317699317,429.32787377517764,0.003295898,0.001953125,0.001464844,2584,0.000106042,32,0.000106042,0,0.000106042,0.000106042,73:0.001205998207629455;71:0.0022537724596742303,73:88;71:88,73:0.0019682969857114097;71:0.0018825291821962797,Yes
73,,312.38990461227854,340.51491182621334,0.005737305,0.004394531,0.003417969,2584,0.000494691,32,0.000494691,0,0.000494691,0.000494691,72:0.001205998207629455;74:0.0014785520609925107;79:0.0014916135796897156,72:88;74:88;79:88,72:0.0019682969857114097;74:0.002051928068383474;79:0.0009089712248697979,Yes
74,,259.65852134549476,296.5243802711041,0.002319336,0.00390625,0.000488281,2584,0.000129302,32,0.000129302,0,0.000129302,0.000129302,73:0.0014785520609925107;75:0.0012967802779838555,73:88;75:88,73:0.002051928068383474;75:0.004813672961847926,Yes
75,,370.2895268619721,485.6486984130876,0.005371094,0.000488281,0.003417969,2584,,32,,0,,,59:0.0026398109512889567;74:0.0012967802779838555,59:88;74:88,59:0.0015968097294449812;74:0.004813672961847926,Yes
76,,156.3549805322007,180.71690541738667,0.009521484,0.008789063,0.004394531,2584,0.0001275,32,0.0001275,0,0.0001275,0.0001275,81:0.0033985441882003475;61:0.0014399540841051883,81:88;61:88,81:0.0016341952406803972;61:0.002477295970757548,Yes
77,,248.79243377706598,295.69049070530656,0.002807617,0.001953125,0.000488281,2584,0.000170351,32,0.000170351,0,0.000170351,0.000170351,85:0.0024700875783084664;65:0.0020697182242998824,85:88;65:88,85:0.001836620887078949;65:0.0034308965795644686,Yes
78,,284.3736286210871,314.94072169991904,0.003051758,0.00390625,0,2584,0.000245673,32,0.000245673,0,0.000245673,0.000245673,69:0.0035079239473871926;89:0.0014970566046871858,69:88;89:88,69:0.0025096683165955758;89:0.005891902594945986,Yes
79,,320.37523660878526,499.70830248314417,0.003540039,0.002929688,0.000976563,2584,0.000213842,32,0.000213842,0,0.000213842,0.000213842,93:0.0012480277179580113;73:0.0014916135796897156,93:88;73:88,93:0.002158021881148081;73:0.0009089712248697979,Yes
80,,307.5155375970105,481.14748427306904,0.002563477,0.005371094,0.000488281,2584,0.000323578,32,0.000323578,0,0.000323578,0.000323578,21:00.0,81:88,21:00.0,Yes
81,,410.49019674114584,512.6538816414075,0.002929688,0.004394531,0.004882813,2584,0.000143241,32,0.000143241,0,0.000143241,0.000143241,80:0.0010886235087936291;82:0.0014102274054447195;76:0.0033985441882003475,80:88;82:88;76:88,80:0.0012437674005705557;76:0.0016341952406803972,Yes
82,,384.4719054776282,512.8555450122126,0.010253906,0.002929688,0.009277344,2584,0.000154132,32,0.000154132,0,0.000154132,0.000154132,81:0.0014102274054447195;83:0.0022236414195847543,81:88;83:148,,Yes
83,,132.41955142689474,185.32370759936234,0.035644531,0.050292969,0.004882813,2584,0.000237055,32,0.000237055,0,0.000237055,0.000237055,82:0.0022236414195847543;84:0.001317467518815646,96:88;82:148;84:88,24:00.0,Yes
84,,361.60440033808106,406.6029813392687,0.002075195,0.001953125,0.001464844,2584,0.000154409,32,0.000154409,0,0.000154409,0.000154409,83:0.001317467518815646;85:0.0012024477282531199,83:88;85:88,83:0.0008121743839696882;85:0.001158499490412579,Yes
85,,433.64381111574386,362.69417889732773,0.004272461,0.001953125,0.001953125,2584,0.000158927,32,0.000158927,0,0.000158927,0.000158927,77:0.0024700875783084664;86:0.0011164473590614954;84:0.0012024477282531199,77:88;86:88;84:88,77:0.001836620887078949;86:0.0011062808187173312;84:0.001158499490412579,Yes
86,,306.6183707977349,486.61274007649257,0.003295898,0.003417969,0.001953125,2584,0.000230194,32,0.000230194,0,0.000230194,0.000230194,85:0.0011164473590614954;87:0.0013891933689350877,85:88;87:88,85:0.0011062808187173312;87:0.0017297993776868026,Yes
87,,153.0716091318801,177.94440620745954,0.005004883,0.0078125,0.000488281,2584,0.000156414,32,0.000156414,0,0.000156414,0.000156414,86:0.0013891933689350877;88:0.0024024313388404106;97:0.001739952991264837,86:88;88:88;97:88,86:0.0017297993776868026;97:0.0032550574292958545,Yes
88,,394.76089432163667,339.03243294513464,0.009643555,0.005859375,0.010253906,2584,0.000186551,32,0.000186551,0,0.000186551,0.000186551,87:0.0024024313388404106;89:0.0011274323602779024,87:88;89:88,,Yes
89,,443.79113685160945,479.6363009978306,0.002197266,0.002441406,0.002441406,2584,0.000160717,32,0.000160717,0,0.000160717,0.000160717,90:0.0055287545470415755;88:0.0011274323602779024;78:0.0014970566046871858,90:88;88:88;78:88,90:0.016749396916079184;78:0.005891902594945986,Yes
90,,16.64575414352092,31.102846572034007,0.009033203,0.015136719,0.001953125,2584,0.001302903,32,0.001302903,0,0.001302903,0.001302903,89:0.0055287545470415755;91:0.0046547074450040415,89:88;91:88,89:0.016749396916079184;91:0.007262804387685784,Yes
91,,424.8818954517912,313.99614678056395,0.006347656,0.007324219,0.002441406,2584,0.000618126,32,0.000618126,0,0.000618126,0.000618126,98:0.0012116693849034132;90:0.0046547074450040415;92:0.0012841675504654537,98:88;90:88;92:88,98:0.001353736085670465;90:0.007262804387685784;92:0.0022514389304161275,Yes
92,,365.76606832115726,333.6489522786228,0.003295898,0.003417969,0.002929688,2584,0.000259713,32,0.000259713,0,0.000259713,0.000259713,91:0.0012841675504654537;93:0.0013302846019205006,91:88;93:88,91:0.0022514389304161275;93:0.00212214821633111,Yes
93,,251.8714969579158,210.31400038903928,0.002563477,0.006835938,0.002441406,2584,0.000172392,32,0.000172392,0,0.000172392,0.000172392,94:0.0013047098284401926;79:0.0012480277179580113;92:0.0013302846019205006,94:88;79:88;92:88,94:0.001791637179058253;79:0.002158021881148081;92:0.00212214821633111,Yes
94,,396.4957104997515,275.29833266241013,0.004638672,0.005371094,0.00390625,2584,0.000230607,32,0.000230607,0,0.000230607,0.000230607,93:0.0013047098284401926;95:0.0011745233747381123,93:88;95:88,93:0.001791637179058253;95:0.0024977903494457776,Yes
95,,395.0029146,267.8466530369553,0.005004883,0.005371094,0.005371094,2584,,32,,0,,,99:0.0012831890228733323;94:0.0011745233747381123,99:88;94:88,99:0.00720408729402941;94:0.0024977903494457776,Yes
96,,219.5852001,395.2433108270693,0.006713867,0.007324219,0.002929688,2584,0.001085972,32,0.001085972,0,0.001085972,0.001085972,43:00.0,83:88;103:88,43:00.0,Yes
97,,359.61977836917316,378.18551436808394,0.002685547,0.002929688,0.001464844,2584,0.000301468,32,0.000301468,0,0.000301468,0.000301468,87:0.001739952991264837;107:0.0012099099490741339,87:88;107:88,87:0.0032550574292958545;107:0.0008852590142720274,Yes
98,,273.4226985,394.2282746216327,0.005371094,0.008300781,0.005859375,2584,0.000202901,32,0.000202901,0,0.000202901,0.000202901,91:0.0012116693849034132;111:0.004400267314257328,91:88;111:88,91:0.001353736085670465;111:0.0011750649730938312,Yes
99,,368.4507373289224,400.46426528190625,0.023803711,0.023925781,0.020996094,2584,0.000187204,32,0.000187204,0,0.000187204,0.000187204,115:0.002646164324677347;95:0.0012831890228733323,115:88;95:88,35:00.0,Yes
100,,405.7825448215018,574.1039272382752,0.00378418,0.005371094,0.004394531,2584,,32,,0,,,41:00.0,101:88,41:00.0,Yes
101,,334.0596885111363,415.61426214154545,0.016357422,0.013183594,0.010742188,2584,,32,,0,,,100:0.0014620768130929052;116:0.001473454213682307;102:0.0013995158658146878,100:88;116:88;102:88,100:0.00243303149563065;116:0.0014419811382566927;102:0.0010745469082039105,Yes
102,,253.52772409375086,382.5749836189444,0.002929688,0.008789063,0.001464844,2584,0.000371192,32,0.000371192,0,0.000371192,0.000371192,101:0.0013995158658146878;103:0.0013478647231680019,101:88;103:88,101:0.0010745469082039105;103:0.0013511399258606949,Yes
103,,436.71197624082237,408.1082677290991,0.00402832,0.006835938,0.000976563,2584,0.000177554,32,0.000177554,0,0.000177554,0.000177554,104:0.0010591897252300864;96:0.006497679109657956;102:0.0013478647231680019,104:88;96:88;102:88,104:0.0008759047321915681;96:0.005750988963855425;102:0.0013511399258606949,Yes
104,,262.98015523232027,312.16129818246196,0.002685547,0.004394531,0.001464844,2584,,32,,0,,,103:0.0010591897252300864;105:0.002829421513757313,103:88;105:88,103:0.0008759047321915681;105:0.0019184009657153833,Yes
105,,403.0439153628358,447.5974733467342,0.004516602,0.003417969,0.000488281,2584,,32,,0,,,104:0.002829421513757313;106:0.0016658070155279037;117:0.0016498825442041454,104:88;106:88;117:88,104:0.0019184009657153833;106:0.0017067105773892755;117:0.16111072502202153,Yes
106,,207.21801679439886,244.47926731353164,0.002441406,0.002929688,0.000488281,2584,0.000169447,32,0.000169447,0,0.000169447,0.000169447,107:0.003340919174619067;105:0.0016658070155279037,107:88;105:88,107:0.002285573745572478;105:0.0017067105773892755,Yes
107,,458.7619906641864,371.1402194388178,0.005249023,0.002441406,0.005859375,2584,0.000280081,32,0.000280081,0,0.000280081,0.000280081,106:0.003340919174619067;108:0.0010248561628899144;97:0.0012099099490741339,106:88;108:88;97:88,106:0.002285573745572478;108:0.0012618590574080546;97:0.0008852590142720274,Yes
108,,335.0504328080051,342.0938954,0.009399414,0.01171875,0.008789063,2584,0.000293005,32,0.000293005,0,0.000293005,0.000293005,107:0.0010248561628899144;109:0.0024978367090057185,107:88;109:88,107:0.0012618590574080546;109:0.0020988810513382916,Yes
109,,388.1809880344972,352.97193181182183,0.003417969,0.004394531,0.002441406,2584,0.000141269,32,0.000141269,0,0.000141269,0.000141269,108:0.0024978367090057185;110:0.0043581297227208715;118:0.002389646178286492,108:88;110:88;118:88,108:0.0020988810513382916;110:0.0016925800859351192;118:0.006803359466633074,Yes
110,,359.2672655968437,338.92830827063193,0.004638672,0.003417969,0.004394531,2584,0.000247068,32,0.000247068,0,0.000247068,0.000247068,109:0.0043581297227208715;111:0.004315057202922357,109:88;111:88,109:0.0016925800859351192;111:0.0017716372517335155,Yes
111,,475.5146837458755,586.9764424359151,0.002807617,0.001953125,0.002929688,2584,,32,,0,,,112:0.0016918685492839647;110:0.004315057202922357;98:0.004400267314257328,112:88;110:88;98:88,112:0.0020606500705835917;110:0.0017716372517335155;98:0.0011750649730938312,Yes
112,,327.69968294843693,510.2625235639945,0.002807617,0.00390625,0.003417969,2584,0.000723345,32,0.000723345,0,0.000723345,0.000723345,111:0.0016918685492839647;113:0.002540705599863524,111:88;113:88,111:0.0020606500705835917;113:0.003197282454943551,Yes
113,,389.1603641736005,528.2874380485367,0.005004883,0.006835938,0.002441406,2584,0.000135974,32,0.000135974,0,0.000135974,0.000135974,119:0.0011241177263954516;112:0.002540705599863524;114:0.0008419678702197009,119:88;112:88;114:88,119:0.001250472646908446;112:0.003197282454943551;114:0.0013309984387791518,Yes
114,,332.1257046476963,609.2451181108657,0.00378418,0.002441406,0.000976563,2584,,32,,0,,,115:0.0012104992687348715;113:0.0008419678702197009,115:88;113:88,115:0.0006259205862445272;113:0.0013309984387791518,Yes
115,,354.15408442220087,437.21815236700616,0.003417969,0.006835938,0.0078125,2584,,32,,0,,,99:0.002646164324677347;114:0.0012104992687348715,99:88;114:88,54:00.0,Yes
116,,325.95547295481947,489.9515876,0.00390625,0.005859375,0.001464844,2584,0.000175835,32,0.000175835,0,0.000175835,0.000175835,101:0.001473454213682307;121:0.005739990795025601,101:88;121:88,41:00.0,Yes
117,,67.92543956716118,6.798287912510137,0.082275391,0.171875,0,2584,0.000380242,32,0.000380242,0,0.000380242,0.000380242,105:0.0016498825442041454;125:0.004461527310844787,105:88;125:88,105:0.16111072502202153;125:0.001971546252985762,Yes
118,,266.0979147029307,419.8919909665794,0.0078125,0.010742188,0.002929688,2584,0.000202376,32,0.000202376,0,0.000202376,0.000202376,109:0.002389646178286492;129:0.0015798987280917498,109:88;129:88,109:0.006803359466633074;129:0.003400623589956714,Yes
119,,357.9007975292342,505.7062486,0.003662109,0.005371094,0.001953125,2584,0.000161925,32,0.000161925,0,0.000161925,0.000161925,113:0.0011241177263954516;133:0.002272021337771546,113:88;133:88,113:0.001250472646908446;133:0.00045130627913586574,Yes
120,,406.7230804782259,576.2594212371494,0.011962891,0.005371094,0.009765625,2584,0.000152598,32,0.000152598,0,0.000152598,0.000152598,01:00.0,121:88,,Yes
121,,353.5914836236153,468.1492922928372,0.005493164,0.008789063,0.000488281,2584,0.0001593,32,0.0001593,0,0.0001593,0.0001593,120:0.0014211775484652966;122:0.001954583357139439;116:0.005739990795025601,120:88;122:88;116:88,02:00.0,Yes
122,,249.52411,420.11019996146365,0.004272461,0.006347656,0.00390625,2584,0.000184138,32,0.000184138,0,0.000184138,0.000184138,121:0.001954583357139439;123:0.00130858049756008,121:88;123:88,121:0.001679982455373652;123:0.0015167235377686883,Yes
123,,437.98760777450315,515.3694196,0.002807617,0.003417969,0,2584,,32,,0,,,136:0.0019897553624541597;124:0.002064853480877621;122:0.00130858049756008,136:88;124:88;122:88,02:00.0,Yes
124,,442.8508775415892,396.5324223076605,0.006958008,0.0078125,0.00390625,2584,0.000129758,32,0.000129758,0,0.000129758,0.000129758,123:0.002064853480877621;125:0.001316710188908693,123:88;125:88,,Yes
125,,363.85815700270854,317.4000099000305,0.006958008,0.009277344,0.000976563,2584,0.000254749,32,0.000254749,0,0.000254749,0.000254749,117:0.004461527310844787;124:0.001316710188908693;126:0.004085280823539872,117:88;124:88;126:88,117:0.001971546252985762;126:0.003804217308375657,Yes
126,,387.82231605687105,436.48057879556194,0.004272461,0.004882813,0.00390625,2584,0.000119602,32,0.000119602,0,0.000119602,0.000119602,127:0.00122497737581026;125:0.004085280823539872,127:88;125:88,05:00.0,Yes
127,,390.12087354172075,512.7368916041527,0.021606445,0.019042969,0.026367188,2584,,32,,0,,,126:0.00122497737581026;128:0.001690352046097271;137:0.003977995373865423,126:88;128:88;137:88,128:0.003381109890027073;137:0.0023674891086604977,Yes
128,,174.8791350544937,316.8683041713923,0.003173828,0.005371094,0.000976563,2584,0.000194389,32,0.000194389,0,0.000194389,0.000194389,127:0.001690352046097271;129:0.00106107562985297,127:88;129:88,127:0.003381109890027073;129:0.002940077530417945,Yes
129,,384.0626535650926,419.80353517282595,0.005126953,0.005859375,0.002441406,2584,0.000274162,32,0.000274162,0,0.000274162,0.000274162,128:0.00106107562985297;118:0.0015798987280917498,130:88;128:88;118:88,130:0.0019045320466431481;128:0.002940077530417945;118:0.003400623589956714,Yes
130,,322.71480236998303,398.29464360258316,0.122070313,0.115722656,0.130859375,2584,0.000288906,32,0.000288906,0,0.000288906,0.000288906,11:00.0,129:88;131:88,129:0.0019045320466431481;131:0.000493589117258636,Yes
131,,349.24538959978963,406.8487095400396,0.005493164,0.012695313,0.001953125,2584,,32,,0,,,138:0.0013349777421969022;130:0.0042919175472438675;132:0.005568599678075353,138:88;130:88;132:88,138:0.0007717292355921557;130:0.000493589117258636;132:0.0036568102369343436,Yes
132,,287.77855674823496,376.78211230260837,0.008300781,0.012695313,0.00390625,2584,0.00016601,32,0.00016601,0,0.00016601,0.00016601,133:0.001013844098733785;131:0.005568599678075353,133:88;131:88,133:0.0013881057332433;131:0.0036568102369343436,Yes
133,,362.0292254379866,392.86065861986833,0.004760742,0.0078125,0.004882813,2584,,32,,0,,,132:0.001013844098733785;134:0.0024200786487889314;119:0.002272021337771546,132:88;134:88;119:88,132:0.0013881057332433;134:7.483529208263118e-7;119:0.00045130627913586574,Yes
134,,362.97604099297644,405.7746565746417,0.00402832,0.012695313,0.002441406,2584,0.000268809,32,0.000268809,0,0.000268809,0.000268809,13:00.0,133:88;135:208,133:7.483529208263118e-7,Yes
135,,404.80013323263836,543.0212717442298,0.005004883,0.007324219,0.001464844,2584,0.00019795,32,0.00019795,0,0.00019795,0.00019795,19:00.0,134:208;139:88,,Yes
136,,373.6738837702507,507.13676854374484,0.005249023,0.007324219,0.008789063,2584,0.000145013,32,0.000145013,0,0.000145013,0.000145013,123:0.0019897553624541597;143:0.0017319979629043802,123:88;143:88,,Yes
137,,135.5613385246253,222.68838999768957,0.002685547,0.008300781,0.000488281,2584,0.000238049,32,0.000238049,0,0.000238049,0.000238049,147:0.00444852725658379;127:0.003977995373865423,147:88;127:88,147:0.001733700631131041;127:0.0023674891086604977,Yes
138,,386.89789760454624,489.2897364695396,0.004516602,0.005371094,0.002929688,2584,0.000391489,32,0.000391489,0,0.000391489,0.000391489,151:0.0015080953355428306;131:0.0013349777421969022,151:88;131:88,151:0.0014526105613324736;131:0.0007717292355921557,Yes
139,,338.2815425,545.3109704088916,0.007568359,0.010742188,0.000488281,2584,0.000318168,32,0.000318168,0,0.000318168,0.000318168,155:0.0020843273962478093;135:0.00454259656837766,155:88;135:88,35:00.0,Yes
140,,221.41126323688695,345.7610608116612,0.005126953,0.003417969,0.005371094,2584,0.000245114,32,0.000245114,0,0.000245114,0.000245114,21:00.0,141:88,21:00.0,Yes
141,,344.39459358526847,456.42525815005695,0.00402832,0.00390625,0.001464844,2584,,32,,0,,,140:0.0021692276996299054;142:0.002298101857983348,140:88;142:88,140:0.0013009960641938434;142:0.0016171120787564497,Yes
142,,297.31050625291806,311.9517077645967,0.004150391,0.005371094,0,2584,,32,,0,,,143:0.002262338021915805;141:0.002298101857983348,143:88;141:88,21:00.0,Yes
143,,353.2490155785111,452.82519443031276,0.001953125,0.003417969,0.000976563,2584,0.000339485,32,0.000339485,0,0.000339485,0.000339485,142:0.002262338021915805;144:0.0014438090144990035;136:0.0017319979629043802,142:88;144:88;136:88,24:00.0,Yes
144,,375.4907432004093,493.80213017337087,0.007568359,0.002929688,0.010253906,2584,,32,,0,,,145:0.001118563124059696;143:0.0014438090144990035,145:88;143:88,145:0.0014279912432160202;143:0.0012839300934468778,Yes
145,,393.20494391965224,384.9976912785452,0.003295898,0.007324219,0.000488281,2584,,32,,0,,,24:00.0,144:88;146:88,24:00.0,Yes
146,,296.48524205624716,360.9866646629949,0.002197266,0.007324219,0.001953125,2584,0.000145853,32,0.000145853,0,0.000145853,0.000145853,27:00.0,145:88;147:88,27:00.0,Yes
147,,403.4805916830656,471.7695337894383,0.004150391,0.004394531,0.004394531,2584,,32,,0,,,148:0.002045535727005915;137:0.00444852725658379;146:0.002511659595593324,148:88;137:88;146:88,148:0.0009923075084401212;137:0.001733700631131041;146:0.0020207763742815243,Yes
148,,311.8966949972429,466.77849826876934,0.005126953,0.005859375,0.000488281,2584,0.000129021,32,0.000129021,0,0.000129021,0.000129021,147:0.002045535727005915;149:0.0010896138705902003,147:88;149:88,147:0.0009923075084401212;149:0.0016880666959056823,Yes
149,,325.81764329750513,266.94388914806706,0.003051758,0.007324219,0.000976563,2584,0.00018358,32,0.00018358,0,0.00018358,0.00018358,150:0.0016990903886271724;148:0.0010896138705902003,150:88;148:88,28:00.0,Yes
150,,379.28086639472195,278.1415651444387,0.006103516,0.006835938,0.005859375,2584,0.000122498,32,0.000122498,0,0.000122498,0.000122498,149:0.0016990903886271724;151:0.0021470273502824655,149:88;151:88,31:00.0,Yes
151,,334.32151887126423,334.8006618190983,0.010986328,0.003417969,0.007324219,2584,0.00032813,32,0.00032813,0,0.00032813,0.00032813,138:0.0015080953355428306;152:0.005149625127736118;150:0.0021470273502824655,138:88;152:88;150:88,138:0.0014526105613324736;152:0.0013960989041031102;150:0.0024524139918632726,Yes
152,,316.2197628802955,569.0286307291194,0.002075195,0.00390625,0.000488281,2584,0.000132595,32,0.000132595,0,0.000132595,0.000132595,151:0.005149625127736118;153:0.001243986973229777,151:88;153:88,151:0.0013960989041031102;153:0.0016863572515373737,Yes
153,,309.8100419,523.5895278961187,0.003417969,0.002929688,0.001464844,2584,,32,,0,,,152:0.001243986973229777;154:0.0008872116203781366,152:88;154:88,152:0.0016863572515373737;154:0.0010925401538628143,Yes
154,,341.1225459032227,614.9221009512081,0.005004883,0.005371094,0.001953125,2584,,32,,0,,,153:0.0008872116203781366;155:0.00115129656482571,153:88;155:88,153:0.0010925401538628143;155:0.0008506259813076122,Yes
155,,414.93976520951514,622.7888416630287,0.003295898,0.001953125,0.002441406,2584,,32,,0,,,139:0.0020843273962478093;154:0.00115129656482571,139:88;154:88,139:0.001931866575258706;154:0.0008506259813076122,Yes
,,,,,,,,,,,,,,,,,
,,,,,,,,,,,,,,,,,
,,,,,,,,,,,,,,,,,
,,,,,,,,,,,,,,,,,
,,,,,,,,,,,,,,,,,
,,78.32490376,292.3120535,0.000976563,01:00.1,,,,,,,,,,,,
,,273.4226985,407.1216131,0.004150391,,,,,,,,,,,,,
,,395.0029146,515.3694196,0.139526367,,,,,,,,,,,,,
